id,audit_modifiedBy,audit_modifiedDate,deprecato,info_idEsterno,info_idIstanzaAttivitaMassiva,info_data,audit_createdBy,audit_createdDate,info_origineInformazione,beneficiarioEstensioneBenefici,classeBenePegno,classeGaranzia,codiceIdentificativoGaranziaConsortile,codiceOriginario,concessioneEstensioneBenefici,consolidabile,consolidata,controgaranzia,coperturaGaranzia,corrispondeAllaDataCerta,dataAcquisizione,dataAtto,dataConsolidamento,dataEscussione,dataEstinzione,dataIscrizione,dataRinnovo,dataRinuncia,dataScadenza,garanziaRealeSuccessiva,numeroAtto,percentualeControgaranzia,percentualeGaranzia,periodoConsolidamento,prestataInViaSolidale,registroGenerale,registroParticolare,statoGaranzia,titolaritaBeniIpotecati,valoreAlDefault,valoreEscusso,valoreMassimoGarantito,valoreNominale,valorePrestito,valoreRivalutato,version,infoEntita_id,naturaAtto_id,posizione_id,sottotipoGaranzia_id,tipoGaranzia_id,elementoOrganizzativoConservatoria_id,contestata,escussa,prevedeSegnalazioneBI,rinnovata,valoreNominalePoziori,valoreResiduoPoziori,controgaranziaPropria,dataDeliberaControgarante,dataLiberazione,importoAccantonato,importoNonAccantonato,liberata,nomeCompletoConsorzioGaranzia,nonRinnovabile,valoreResiduo,causaleNonRinnovabilita_id,tipoEstinzioneGaranzia_id,codiceIdentificativoCaveau,codiceRiferimentoSottosistema1,codiceRiferimentoSottosistema2,codiceRiferimentoSottosistema3,codiceRiferimentoSottosistema4,codiceRiferimentoSottosistema5,dataContestazione,fondiario,materialita,numeroGaranzia,numeroPreAtto,raccolta,repertorio,solvibilita,elementoOrganizzativoFilialeOrigine_id,statoGaranziaEsteso_id,attoMutuo_id,ipotecaFrazionata,percAssetNonFinanziato,valoreAssetAGaranzia,descrizioneLineaGarantita,codiceIdentificativoControgaranzia,contattoCreditoreOriginario_id,valoreGarantito
1,-1,06:57.3,,2703_1,,,-1,06:57.3,1,,,1,,392726,,,,,0,,00:00.0,,,,,,,,,0,,,,0,1,,,1,0,,0,,0,,,1,"1,481,635",,"681,335",,3,,,,,,,,,,,,,,,,,,,,,,,,,,,,,,,,,,,,,,,,,,
2,-1,06:57.3,,23611_1,,,-1,06:57.3,1,,,2,,,0,1,0,,0,,00:00.0,00:00.0,00:00.0,,,,,,,,12871,,,1,,,1731,1,2,,,,"20,000","10,008.94",,1,,,"757,650",2,1,,,,,,,,,,,,,,,,,,,,,,,,,,,,,,,,,,,,,,,,,,
3,-1,06:57.3,,23612_1,,,-1,06:57.3,1,,,2,,,0,1,0,,0,,00:00.0,,00:00.0,,,,,,,,,,,1,,,,1,2,,,,"20,000","10,008.94",,1,,,"757,651",2,1,,,,,,,,,,,,,,,,,,,,,,,,,,,,,,,,,,,,,,,,,,
5,-1,06:57.3,,26420_1,,,-1,06:57.3,1,,,2,,,0,1,0,,0,,00:00.0,,00:00.0,,,,00:00.0,,,,,,,1,,,,1,1,,,,"72,303.97","36,158.98",,1,,,"486,807",1,1,,,,,,,,,,,,,,,,,,,,,,,,,,,,,,,,,,,,,,,,,,
6,-1,06:57.3,,28014_1,,,-1,06:57.3,1,,,2,,,0,1,0,,0,,00:00.0,00:00.0,00:00.0,,,,00:00.0,,,,68462,,,1,,,14191,1,1,,,,"22,450","11,221.01",,1,,,"537,701",2,1,,,,,,,,,,,,,,,,,,,,,,,,,,,,,,,,,,,,,,,,,,
7,-1,06:57.3,,33544_1,,,-1,06:57.3,1,,,2,,,0,1,0,,0,,00:00.0,00:00.0,00:00.0,,,,,,,,6702,,,2,,,1208,1,1,,,,"20,000","10,201.72",,1,,,"761,062",2,1,,,,,,,,,,,,,,,,,,,,,,,,,,,,,,,,,,,,,,,,,,
8,-1,06:57.3,,33917_1,,,-1,06:57.3,1,,,2,,,0,1,0,,0,,00:00.0,00:00.0,00:00.0,,,,,,,,21717,,,1,,,4466,1,1,,,,"20,000","11,716.70",,1,,,"426,837",2,1,,,,,,,,,,,,,,,,,,,,,,,,,,,,,,,,,,,,,,,,,,
9,-1,06:57.3,,36457_1,,,-1,06:57.3,1,,,2,,,0,1,0,,0,,00:00.0,00:00.0,00:00.0,,,,,,,,18469,,,1,,,2464,1,1,,,,"45,000","39,063.42",,1,,,"653,837",2,1,,,,,,,,,,,,,,,,,,,,,,,,,,,,,,,,,,,,,,,,,,
10,-1,06:57.3,,41897_1,,,-1,06:57.3,1,,,2,,,0,1,0,,0,,00:00.0,00:00.0,00:00.0,,,,,,,,10159,,,2,,,1382,1,2,,,,"24,000","15,063.40",,1,,,"714,113",2,1,,,,,,,,,,,,,,,,,,,,,,,,,,,,,,,,,,,,,,,,,,
11,-1,06:57.3,,42240_1,,,-1,06:57.3,1,,,2,,,0,1,0,,0,,00:00.0,00:00.0,00:00.0,,,,,,,,1188,,,2,,,142,1,1,,,,"25,000","20,567.31",,1,,,"762,436",2,1,,,,,,,,,,,,,,,,,,,,,,,,,,,,,,,,,,,,,,,,,,
12,-1,06:57.3,,44129_1,,,-1,06:57.3,1,,,2,,,0,1,0,,0,,00:00.0,,00:00.0,,,,,,,,,,,1,,,,1,1,,,,"10,000","20,000",,1,,,"764,504",2,1,,,,,,,,,,,,,,,,,,,,,,,,,,,,,,,,,,,,,,,,,,
16,-1,06:57.3,,47025_1,,,-1,06:57.3,1,,,2,,,0,1,0,,0,,00:00.0,00:00.0,00:00.0,,,,,,,,48378,,,1,,,4288,1,1,,,,"21,000","15,272.49",,1,,,"657,387",2,1,,,,,,,,,,,,,,,,,,,,,,,,,,,,,,,,,,,,,,,,,,
17,-1,06:57.3,,47422_1,,,-1,06:57.3,1,,,1,,,,,,,0,,,,,,,,,,,0,,,,0,1,,,1,0,,0,,0,,,1,,,"486,820",,3,,,,,,,,,,,,,,,,,,,,,,,,,,,,,,,,,,,,,,,,,,
18,-1,06:57.3,,47422_2,,,-1,06:57.3,1,,,2,,,0,1,0,,0,,00:00.0,00:00.0,00:00.0,,,,,,,,9053,,,1,,,1776,1,1,,,,"113,620.52","56,810.26",,1,,,"486,820",1,1,,,,,,,,,,,,,,,,,,,,,,,,,,,,,,,,,,,,,,,,,,
19,-1,06:57.3,,54416_1,,,-1,06:57.3,1,,,2,,,0,1,0,,0,,00:00.0,00:00.0,00:00.0,,,,,,,,10093,,,1,,,668,1,2,,,,"20,000","11,852.44",,1,,,"56,359",2,1,,,,,,,,,,,,,,,,,,,,,,,,,,,,,,,,,,,,,,,,,,
20,-1,06:57.3,,61190_1,,,-1,06:57.3,1,,,2,,,0,1,0,,0,,00:00.0,00:00.0,00:00.0,,,,00:00.0,,,,22387,,,1,,,4374,1,1,,,,"26,000","13,015.98",,1,,,"125,519",2,1,,,,,,,,,,,,,,,,,,,,,,,,,,,,,,,,,,,,,,,,,,
21,-1,06:57.3,,79875_1,,,-1,06:57.3,1,,,2,,,0,1,0,,0,,00:00.0,00:00.0,00:00.0,,,,,,,,5060,,,1,,,29825,1,1,,,,"18,000","10,930.33",,1,,,"483,365",2,1,,,,,,,,,,,,,,,,,,,,,,,,,,,,,,,,,,,,,,,,,,
23,-1,06:57.3,,83245_1,,,-1,06:57.3,1,,,2,,,0,1,0,,0,,00:00.0,,00:00.0,,,,,,,,,,,1,,,,1,1,,,,"230,000","115,000",,1,,,"486,783",1,1,,,,,,,,,,,,,,,,,,,,,,,,,,,,,,,,,,,,,,,,,,
24,-1,06:57.3,,84606_1,,,-1,06:57.3,1,,,2,,,0,1,0,,0,,00:00.0,,00:00.0,,,,,,,,,,,1,,,,1,1,,,,"17,350","8,675.01",,1,,,"777,889",2,1,,,,,,,,,,,,,,,,,,,,,,,,,,,,,,,,,,,,,,,,,,
25,-1,06:57.3,,84607_1,,,-1,06:57.3,1,,,2,,,0,1,0,,0,,00:00.0,,00:00.0,,,,,,,,,,,1,,,,1,1,,,,"17,350","8,675.01",,1,,,"777,890",2,1,,,,,,,,,,,,,,,,,,,,,,,,,,,,,,,,,,,,,,,,,,
26,-1,06:57.3,,88373_1,,,-1,06:57.3,1,,,2,,,0,1,0,,0,,00:00.0,00:00.0,00:00.0,,,,,,,,39671,,,1,,,7410,1,1,,,,"25,000","12,537.26",,1,,,"546,584",2,1,,,,,,,,,,,,,,,,,,,,,,,,,,,,,,,,,,,,,,,,,,
27,-1,06:57.3,,91080_1,,,-1,06:57.3,1,,,2,,,0,1,0,,0,,00:00.0,00:00.0,00:00.0,,,,00:00.0,,,,234,,,1,,,177,1,1,,,,"10,000","10,000",,1,,,"778,185",2,1,,,,,,,,,,,,,,,,,,,,,,,,,,,,,,,,,,,,,,,,,,
29,-1,06:57.3,,103533_1,,,-1,06:57.3,1,,,2,,,0,1,0,,0,,00:00.0,00:00.0,00:00.0,,,,,,,,10409,,,1,,,1374,1,1,,,,"20,000","15,656.37",,1,,,"773,029",2,1,,,,,,,,,,,,,,,,,,,,,,,,,,,,,,,,,,,,,,,,,,
31,-1,06:57.3,,107056_1,,,-1,06:57.3,1,,,2,,,0,1,0,,0,,00:00.0,,00:00.0,,,,,,,,,,,1,,,,1,1,,,,"20,000","10,499.26",,1,,,"784,094",2,1,,,,,,,,,,,,,,,,,,,,,,,,,,,,,,,,,,,,,,,,,,
32,-1,06:57.3,,117940_1,,,-1,06:57.3,1,,,1,,HOIST_2000000003,,,,,0,,,,,,,,,,,0,,,,0,1,,,1,0,,0,,0,,,1,"1,481,636",,"793,895",,3,,,,,,,,,,,,,,,,,,,,,,,,,,,,,,,,,,,,,,,,,,
33,-1,06:57.3,,117940_2,,,-1,06:57.3,1,,,2,,,0,1,,,0,,00:00.0,,00:00.0,,,,,,,,,,,1,,,,1,1,,,,"65,000","35,000",,1,,,"793,895",1,1,,,,,,,,,,,,,,,,,,,,,,,,,,,,,,,,,,,,,,,,,,
34,-1,06:57.3,,117940_3,,,-1,06:57.3,1,,,2,,,0,1,,,0,,00:00.0,,00:00.0,,,,,,,,,,,1,,,,1,1,,,,"10,742.60","5,371.30",,1,,,"793,895",3,1,,,,,,,,,,,,,,,,,,,,,,,,,,,,,,,,,,,,,,,,,,
35,-1,06:57.3,,117940_4,,,-1,06:57.3,1,,,2,,,0,1,0,,0,,00:00.0,00:00.0,00:00.0,,,,,,,,19093,,,1,,,3792,1,1,,,,"16,000","8,182.51",,1,,,"793,895",2,1,,,,,,,,,,,,,,,,,,,,,,,,,,,,,,,,,,,,,,,,,,
36,-1,06:57.3,,122558_1,,,-1,06:57.3,1,,,2,,,0,1,0,,0,,00:00.0,00:00.0,00:00.0,,,,,,,,23186,,,1,,,5490,1,1,,,,"34,000","17,918.65",,1,,,"538,745",2,1,,,,,,,,,,,,,,,,,,,,,,,,,,,,,,,,,,,,,,,,,,
37,-1,06:57.3,,124923_1,,,-1,06:57.3,1,,,2,,,0,1,0,,0,,00:00.0,00:00.0,00:00.0,,,,,,,,44630,,,1,,,9022,1,1,,,,"18,000","13,654.44",,1,,,"499,275",2,1,,,,,,,,,,,,,,,,,,,,,,,,,,,,,,,,,,,,,,,,,,
38,-1,06:57.3,,131833_1,,,-1,06:57.3,1,,,2,,,0,1,0,,0,,00:00.0,00:00.0,00:00.0,,,,,,,,21362,,,2,,,2528,1,1,,,,"33,000","18,143.65",,1,,,"696,551",2,1,,,,,,,,,,,,,,,,,,,,,,,,,,,,,,,,,,,,,,,,,,
39,-1,06:57.3,,165165_1,,,-1,06:57.3,1,,,2,,,0,1,0,,0,,00:00.0,00:00.0,00:00.0,,,,,,,,21029,,,1,,,5598,1,1,,,,"18,000","8,707.33",,1,,,"777,778",2,1,,,,,,,,,,,,,,,,,,,,,,,,,,,,,,,,,,,,,,,,,,
40,-1,06:57.3,,165167_1,,,-1,06:57.3,1,,,2,,,0,1,0,,0,,00:00.0,,00:00.0,,,,,,,,,,,1,,,,1,1,,,,"18,000","8,707.33",,1,,,"777,780",2,1,,,,,,,,,,,,,,,,,,,,,,,,,,,,,,,,,,,,,,,,,,
41,-1,06:57.3,,307552_1,,,-1,06:57.3,1,,,2,,,0,1,0,,0,,00:00.0,00:00.0,00:00.0,,,,,,,,6389,,,1,,,620,1,2,,,,"25,000","16,204.81",,1,,,"483,196",2,1,,,,,,,,,,,,,,,,,,,,,,,,,,,,,,,,,,,,,,,,,,
42,-1,06:57.3,,309281_1,,,-1,06:57.3,1,,,2,,,0,1,0,,0,,00:00.0,00:00.0,00:00.0,,,,,,,,21419,,,1,,,4212,1,1,,,,"25,000","19,109.74",,1,,,"542,640",2,1,,,,,,,,,,,,,,,,,,,,,,,,,,,,,,,,,,,,,,,,,,
43,-1,06:57.3,,313395_1,,,-1,06:57.3,1,,,2,,,0,1,0,,0,,00:00.0,00:00.0,00:00.0,,,,,,,,1593,,,1,,,254,1,1,,,,"18,000","14,130.05",,1,,,"66,401",2,1,,,,,,,,,,,,,,,,,,,,,,,,,,,,,,,,,,,,,,,,,,
44,-1,06:57.3,,313541_1,,,-1,06:57.3,1,,,2,,,0,1,0,,0,,00:00.0,00:00.0,00:00.0,,,,00:00.0,,,,31866,,,1,,,7404,1,1,,,,"18,400","9,168.14",,1,,,"66,565",2,1,,,,,,,,,,,,,,,,,,,,,,,,,,,,,,,,,,,,,,,,,,
45,-1,06:57.3,,314441_1,,,-1,06:57.3,1,,,2,,,0,1,0,,0,,00:00.0,00:00.0,00:00.0,,,,,,,,2038,,,1,,,245,1,1,,,,"18,800","9,469.63",,1,,,"433,787",2,1,,,,,,,,,,,,,,,,,,,,,,,,,,,,,,,,,,,,,,,,,,
46,-1,06:57.3,,314859_1,,,-1,06:57.3,1,,,2,,,0,1,0,,0,,00:00.0,00:00.0,00:00.0,,,,,,,,56791,,,1,,,11424,1,1,,,,"25,000","19,593.73",,1,,,"196,375",2,1,,,,,,,,,,,,,,,,,,,,,,,,,,,,,,,,,,,,,,,,,,
48,-1,06:57.3,,316537_1,,,-1,06:57.3,1,,,2,,,0,1,0,,0,,00:00.0,00:00.0,00:00.0,,,,,,,,13364,,,1,,,2588,1,1,,,,"30,000","26,806.10",,1,,,"539,674",2,1,,,,,,,,,,,,,,,,,,,,,,,,,,,,,,,,,,,,,,,,,,
49,-1,06:57.3,,316761_1,,,-1,06:57.3,1,,,2,,,0,1,0,,0,,00:00.0,00:00.0,00:00.0,,,,00:00.0,,,,53051,,,1,,,11446,1,1,,,,"29,950","14,987.52",,1,,,"779,048",2,1,,,,,,,,,,,,,,,,,,,,,,,,,,,,,,,,,,,,,,,,,,
50,-1,06:57.3,,316807_1,,,-1,06:57.3,1,,,2,,,0,1,0,,0,,00:00.0,00:00.0,00:00.0,,,,,,,,12415,,,1,,,3189,1,2,,,,"35,000","29,268.98",,1,,,"779,077",2,1,,,,,,,,,,,,,,,,,,,,,,,,,,,,,,,,,,,,,,,,,,
51,-1,06:57.3,,317170_1,,,-1,06:57.3,1,,,2,,,0,1,0,,0,,00:00.0,00:00.0,00:00.0,,,,,,,,7483,,,1,,,1098,1,1,,,,"30,000","15,751.80",,1,,,"779,345",2,1,,,,,,,,,,,,,,,,,,,,,,,,,,,,,,,,,,,,,,,,,,
52,-1,06:57.3,,317180_1,,,-1,06:57.3,1,,,2,,,0,1,0,,0,,00:00.0,00:00.0,00:00.0,,,,,,,,,,,1,,,5794,1,1,,,,"19,200","9,604.33",,1,,,"779,355",2,1,,,,,,,,,,,,,,,,,,,,,,,,,,,,,,,,,,,,,,,,,,
54,-1,06:57.3,,319475_1,,,-1,06:57.3,1,,,2,,,0,1,0,,0,,00:00.0,00:00.0,00:00.0,,,,,,,,4201,,,1,,,682,1,1,,,,"20,000","10,578.92",,1,,,"781,094",2,1,,,,,,,,,,,,,,,,,,,,,,,,,,,,,,,,,,,,,,,,,,
55,-1,06:57.3,,320203_1,,,-1,06:57.3,1,,,2,,,0,1,0,,0,,00:00.0,,00:00.0,,,,00:00.0,,,,,,,1,,,,1,1,,,,"24,000","14,723.46",,1,"1,481,637",,"781,672",2,1,,,,,,,,,,,,,,,,,,,,,,,,,,,,,,,,,,,,,,,,,,
56,-1,06:57.3,,320204_1,,,-1,06:57.3,1,,,2,,,0,1,0,,0,,00:00.0,00:00.0,00:00.0,,,,00:00.0,,,,191,,,1,,,2389,1,1,,,,"24,000","14,723.46",,1,"1,481,638",,"781,673",2,1,,,,,,,,,,,,,,,,,,,,,,,,,,,,,,,,,,,,,,,,,,
57,-1,06:57.3,,320554_1,,,-1,06:57.3,1,,,2,,,0,1,0,,0,,00:00.0,00:00.0,00:00.0,,,,,,,,2821,,,2,,,347,1,1,,,,"25,000","12,475.14",,1,,,"781,940",2,1,,,,,,,,,,,,,,,,,,,,,,,,,,,,,,,,,,,,,,,,,,
58,-1,06:57.3,,320936_1,,,-1,06:57.3,1,,,2,,,0,1,0,,0,,00:00.0,00:00.0,00:00.0,,,,00:00.0,,,,87558,,,1,,,15680,1,1,,,,"45,000","31,841.43",,1,,,"782,210",2,1,,,,,,,,,,,,,,,,,,,,,,,,,,,,,,,,,,,,,,,,,,
59,-1,06:57.3,,321935_1,,,-1,06:57.3,1,,,2,,,0,1,0,,0,,00:00.0,00:00.0,00:00.0,,,,,,,,,,,2,,,5784,1,1,,,,"16,270.25","30,000",,1,,,"515,248",2,1,,,,,,,,,,,,,,,,,,,,,,,,,,,,,,,,,,,,,,,,,,
60,-1,06:57.3,,324403_1,,,-1,06:57.3,1,,,2,,,0,1,0,,0,,00:00.0,00:00.0,00:00.0,,,,00:00.0,,,,19040,,,1,,,4248,1,1,,,,"21,000","10,500",,1,,,"783,250",2,1,,,,,,,,,,,,,,,,,,,,,,,,,,,,,,,,,,,,,,,,,,
61,-1,06:57.3,,324405_1,,,-1,06:57.3,1,,,2,,,0,1,,,0,,00:00.0,00:00.0,00:00.0,,,,,,,,138921,,,1,,,36000,1,1,,,,"300,000","150,000",,1,,,"543,019",1,1,,,,,,,,,,,,,,,,,,,,,,,,,,,,,,,,,,,,,,,,,,
62,-1,06:57.3,,324948_1,,,-1,06:57.3,1,,,2,,,0,1,1,,0,,00:00.0,00:00.0,00:00.0,,,,,,,,144211,,,2,,,28926,1,1,,,,"15,000","10,399.66",,1,,,"516,376",2,1,,,,,,,,,,,,,,,,,,,,,,,,,,,,,,,,,,,,,,,,,,
63,-1,06:57.3,,326134_1,,,-1,06:57.3,1,,,2,,,0,1,0,,0,,00:00.0,00:00.0,00:00.0,,,,00:00.0,,,,4997,,,1,,,985,1,1,,,,"20,000","12,380",,1,,,"539,540",2,1,,,,,,,,,,,,,,,,,,,,,,,,,,,,,,,,,,,,,,,,,,
64,-1,06:57.3,,326154_1,,,-1,06:57.3,1,,,2,,,0,1,0,,0,,00:00.0,00:00.0,00:00.0,,,,,,,,387,,,2,,,72,1,1,,,,"35,000","25,688.02",,1,,,"539,554",2,1,,,,,,,,,,,,,,,,,,,,,,,,,,,,,,,,,,,,,,,,,,
66,-1,06:57.3,,326636_1,,,-1,06:57.3,1,,,2,,,0,1,0,,0,,00:00.0,00:00.0,00:00.0,,,,,,,,,,,1,,,4486,1,1,,,,"15,000","10,135.65",,1,,,"540,021",2,1,,,,,,,,,,,,,,,,,,,,,,,,,,,,,,,,,,,,,,,,,,
68,-1,06:57.3,,327060_1,,,-1,06:57.3,1,,,2,,,0,1,0,,0,,00:00.0,00:00.0,00:00.0,,,,,,,,18083,,,1,,,4043,1,1,,,,"30,000","21,617.13",,1,,,"540,418",2,1,,,,,,,,,,,,,,,,,,,,,,,,,,,,,,,,,,,,,,,,,,
69,-1,06:57.3,,327106_1,,,-1,06:57.3,1,,,2,,,0,1,0,,0,,00:00.0,00:00.0,00:00.0,,,,,,,,62805,,,1,,,13276,1,1,,,,"20,000","13,099.09",,1,,,"540,464",2,1,,,,,,,,,,,,,,,,,,,,,,,,,,,,,,,,,,,,,,,,,,
70,-1,06:57.3,,327248_1,,,-1,06:57.3,1,,,2,,,0,1,0,,0,,00:00.0,00:00.0,00:00.0,,,,,,,,4213,,,2,,,707,1,1,,,,"26,400","13,207.39",,1,,,"540,593",2,1,,,,,,,,,,,,,,,,,,,,,,,,,,,,,,,,,,,,,,,,,,
71,-1,06:57.3,,328080_1,,,-1,06:57.3,1,,,2,,,0,1,0,,0,,00:00.0,00:00.0,00:00.0,,,,00:00.0,,,,10668,,,1,,,2301,1,1,,,,"39,600","19,845.50",,1,,,"541,389",2,1,,,,,,,,,,,,,,,,,,,,,,,,,,,,,,,,,,,,,,,,,,
72,-1,06:57.3,,328591_1,,,-1,06:57.3,1,,,2,,,0,1,0,,0,,00:00.0,00:00.0,00:00.0,,,,00:00.0,,,,58150,,,2,,,12639,1,1,,,,"30,000","18,141.66",,1,,,"499,563",2,1,,,,,,,,,,,,,,,,,,,,,,,,,,,,,,,,,,,,,,,,,,
73,-1,06:57.3,,330761_1,,,-1,06:57.3,1,,,2,,,0,1,0,,0,,00:00.0,00:00.0,00:00.0,,,,00:00.0,,,,12139,,,1,,,4359,1,1,,,,"40,000","29,910.93",,1,,,"783,680",2,1,,,,,,,,,,,,,,,,,,,,,,,,,,,,,,,,,,,,,,,,,,
74,-1,06:57.3,,330841_1,,,-1,06:57.3,1,,,1,,578348,,,,,0,,,,,,,,,,,0,,,,0,1,,,1,0,,0,,0,,,1,"1,481,639",,"783,746",,3,,,,,,,,,,,,,,,,,,,,,,,,,,,,,,,,,,,,,,,,,,
75,-1,06:57.3,,330845_1,,,-1,06:57.3,1,,,2,,,0,1,0,,0,,00:00.0,00:00.0,00:00.0,,,,,,,,6859,,,2,,,1409,1,1,,,,"48,800","24,377.79",,1,,,"783,750",2,1,,,,,,,,,,,,,,,,,,,,,,,,,,,,,,,,,,,,,,,,,,
76,-1,06:57.3,,332140_1,,,-1,06:57.3,1,,,2,,,0,1,0,,0,,00:00.0,00:00.0,00:00.0,,,,,,,,13512,,,2,,,2836,1,1,,,,"15,000","7,642.39",,1,,,"29,432",2,1,,,,,,,,,,,,,,,,,,,,,,,,,,,,,,,,,,,,,,,,,,
77,-1,06:57.3,,333356_1,,,-1,06:57.3,1,,,2,,,0,1,0,,0,,00:00.0,00:00.0,00:00.0,,,,,,,,32217,,,1,,,2714,1,1,,,,"21,000","16,018.70",,1,,,"785,199",2,1,,,,,,,,,,,,,,,,,,,,,,,,,,,,,,,,,,,,,,,,,,
78,-1,06:57.3,,333430_1,,,-1,06:57.3,1,,,2,,,0,1,0,,0,,00:00.0,00:00.0,00:00.0,,,,,,,,1372,,,1,,,281,1,1,,,,"32,000","16,805.10",,1,,,"785,264",2,1,,,,,,,,,,,,,,,,,,,,,,,,,,,,,,,,,,,,,,,,,,
79,-1,06:57.3,,333762_1,,,-1,06:57.3,1,,,2,,,0,1,0,,0,,00:00.0,00:00.0,00:00.0,,,,,,,,4645,,,1,,,752,1,1,,,,"27,000","13,350.67",,1,,,"785,585",2,1,,,,,,,,,,,,,,,,,,,,,,,,,,,,,,,,,,,,,,,,,,
80,-1,06:57.3,,335792_1,,,-1,06:57.3,1,,,1,,148447,,,,,0,,,,,,,,,,,0,,,,0,1,,,1,0,,0,,"15,000",,,1,"1,481,640",,"516,513",,3,,,,,,,,,,,,,,,,,,,,,,,,,,,,,,,,,,,,,,,,,,
81,-1,06:57.3,,335792_2,,,-1,06:57.3,1,,,2,,,0,1,0,,0,,00:00.0,00:00.0,00:00.0,,,,00:00.0,,,,11209,,,1,,,2287,1,1,,,,"30,000","15,625",,1,,,"516,513",2,1,,,,,,,,,,,,,,,,,,,,,,,,,,,,,,,,,,,,,,,,,,
82,-1,06:57.3,,339776_1,,,-1,06:57.3,1,,,2,,,0,1,,,0,,00:00.0,,00:00.0,,,,,,,,,,,1,,,,1,1,,,,"120,000","60,000",,1,,,"788,049",1,1,,,,,,,,,,,,,,,,,,,,,,,,,,,,,,,,,,,,,,,,,,
83,-1,06:57.3,,339776_2,,,-1,06:57.3,1,,,2,,,0,1,0,,0,,00:00.0,00:00.0,00:00.0,,,,00:00.0,,,,42746,,,1,,,13162,1,1,,,,"40,000","20,009.84",,1,,,"788,049",2,1,,,,,,,,,,,,,,,,,,,,,,,,,,,,,,,,,,,,,,,,,,
84,-1,06:57.3,,340632_1,,,-1,06:57.3,1,,,2,,,0,1,0,,0,,00:00.0,00:00.0,00:00.0,,,,,,,,178,,,2,,,28,1,1,,,,"20,000","13,362.67",,1,,,"30,265",2,1,,,,,,,,,,,,,,,,,,,,,,,,,,,,,,,,,,,,,,,,,,
85,-1,06:57.3,,341334_1,,,-1,06:57.3,1,,,2,,,0,1,0,,0,,00:00.0,00:00.0,00:00.0,,,,,,,,61933,,,1,,,8866,1,1,,,,"20,000","10,491.09",,1,,,"788,864",2,1,,,,,,,,,,,,,,,,,,,,,,,,,,,,,,,,,,,,,,,,,,
86,-1,06:57.3,,341756_1,,,-1,06:57.3,1,,,2,,,0,1,,,0,,00:00.0,00:00.0,00:00.0,,,,,,,,10660,,,1,,,1419,1,1,,,,"61,974","41,316",,1,,,"30,354",1,1,,,,,,,,,,,,,,,,,,,,,,,,,,,,,,,,,,,,,,,,,,
87,-1,06:57.3,,341756_2,,,-1,06:57.3,1,,,2,,,0,0,,,0,,00:00.0,00:00.0,,,,,,,,,13770,,,1,,,2479,1,1,,,,"20,000","12,894.44",,1,"1,481,641",,"30,354",2,1,,,,,,,,,,,,,,,,,,,,,,,,,,,,,,,,,,,,,,,,,,
88,-1,06:57.3,,341808_1,,,-1,06:57.3,1,,,2,,,0,1,,,0,,00:00.0,00:00.0,00:00.0,,,,,,,,5529,,,1,,,836,1,1,,,,"120,000","60,000",,1,,,"30,386",1,1,,,,,,,,,,,,,,,,,,,,,,,,,,,,,,,,,,,,,,,,,,
89,-1,06:57.3,,342112_1,,,-1,06:57.3,1,,,2,,,0,1,0,,0,,00:00.0,00:00.0,00:00.0,,,,,,,,4081,,,1,,,615,1,1,,,,"20,000","11,220.79",,1,,,"541,576",2,1,,,,,,,,,,,,,,,,,,,,,,,,,,,,,,,,,,,,,,,,,,
90,-1,06:57.3,,342686_1,,,-1,06:57.3,1,,,2,,,0,1,0,,0,,00:00.0,00:00.0,00:00.0,,,,,,,,8456,,,1,,,1308,1,1,,,,"40,000","20,650.31",,1,,,"542,139",2,1,,,,,,,,,,,,,,,,,,,,,,,,,,,,,,,,,,,,,,,,,,
91,-1,06:57.3,,342788_1,,,-1,06:57.3,1,,,2,,,0,1,0,,0,,00:00.0,00:00.0,00:00.0,,,,,,,,11466,,,1,,,2729,1,1,,,,"20,000","11,308.78",,1,,,"542,234",2,1,,,,,,,,,,,,,,,,,,,,,,,,,,,,,,,,,,,,,,,,,,
92,-1,06:57.3,,343068_1,,,-1,06:57.3,1,,,2,,,0,1,0,,0,,00:00.0,00:00.0,00:00.0,,,,,,,,47031,,,2,,,8970,1,1,,,,"25,000","12,940.01",,1,,,"542,513",2,1,,,,,,,,,,,,,,,,,,,,,,,,,,,,,,,,,,,,,,,,,,
93,-1,06:57.3,,343414_1,,,-1,06:57.3,1,,,2,,,0,1,,,0,,00:00.0,00:00.0,00:00.0,,,,,,,,21471,,,1,,,5303,1,1,,,,"400,000","200,000",,1,,,"542,847",1,1,,,,,,,,,,,,,,,,,,,,,,,,,,,,,,,,,,,,,,,,,,
94,-1,06:57.3,,343414_2,,,-1,06:57.3,1,,,2,,,0,1,,,0,,00:00.0,00:00.0,00:00.0,,,,,,,,4823,,,1,,,4823,1,1,,,,"50,082.42","25,041.21",,1,,,"542,847",3,1,,,,,,,,,,,,,,,,,,,,,,,,,,,,,,,,,,,,,,,,,,
95,-1,06:57.3,,343414_3,,,-1,06:57.3,1,,,2,,,0,1,,,0,,00:00.0,00:00.0,00:00.0,,,,,,,,26773,,,1,,,6640,1,1,,,,"28,000","14,785.39",,1,,,"542,847",2,1,,,,,,,,,,,,,,,,,,,,,,,,,,,,,,,,,,,,,,,,,,
96,-1,06:57.3,,343583_1,,,-1,06:57.3,1,,,2,,,0,1,0,,0,,00:00.0,00:00.0,00:00.0,,,,00:00.0,,,,60429,,,1,,,9583,1,1,,,,"22,000","11,020.06",,1,,,"543,009",2,1,,,,,,,,,,,,,,,,,,,,,,,,,,,,,,,,,,,,,,,,,,
97,-1,06:57.3,,343788_1,,,-1,06:57.3,1,,,2,,,0,1,0,,0,,00:00.0,00:00.0,00:00.0,,,,,,,,94527,,,2,,,22752,1,1,,,,"40,000","30,895.02",,1,,,"793,615",2,1,,,,,,,,,,,,,,,,,,,,,,,,,,,,,,,,,,,,,,,,,,
98,-1,06:57.3,,344427_1,,,-1,06:57.3,1,,,2,,,0,1,0,,0,,00:00.0,00:00.0,00:00.0,,,,,,,,12169,,,1,,,2698,1,1,,,,"16,000","10,733.31",,1,,,"30,592",2,1,,,,,,,,,,,,,,,,,,,,,,,,,,,,,,,,,,,,,,,,,,
102,-1,06:57.3,,347739_1,,,-1,06:57.3,1,,,1,,HOIST_2000000091,,,,,0,,,,,,,,,,,0,,,,0,1,,,1,0,,0,,0,,,1,"1,481,642",,"488,710",,3,,,,,,,,,,,,,,,,,,,,,,,,,,,,,,,,,,,,,,,,,,
103,-1,06:57.3,,347750_1,,,-1,06:57.3,1,,,1,,812545,,,,,0,,,,,,,,,,,0,,,,0,1,,,1,0,,0,,"6,713.94",,,1,"1,481,643",,"488,715",,3,,,,,,,,,,,,,,,,,,,,,,,,,,,,,,,,,,,,,,,,,,
104,-1,06:57.3,,347779_1,,,-1,06:57.3,1,,,1,,HOIST_2000000091,,,,,0,,,,,,,,,,,0,,,,0,1,,,1,0,,0,,0,,,1,"1,481,644",,"488,737",,3,,,,,,,,,,,,,,,,,,,,,,,,,,,,,,,,,,,,,,,,,,
105,-1,06:57.3,,347792_1,,,-1,06:57.3,1,,,1,,HOIST_2000000091,,,,,0,,,,,,,,,,,0,,,,0,1,,,1,0,,0,,0,,,1,"1,481,645",,"488,748",,3,,,,,,,,,,,,,,,,,,,,,,,,,,,,,,,,,,,,,,,,,,
106,"1,414",50:49.9,,348529_1,,,-1,06:57.3,1,,,2,,,0,1,0,,0,,00:00.0,,00:00.0,,,00:00.0,,,00:00.0,,,,,1,,,,1,1,,,,"160,000","80,000",,2,,,"486,782",1,1,,,,,,,,,,,,,,,,,,,,,,,,,,,,,,,,,,,,,,,,,,
107,676,45:20.2,,348534_1,,,-1,06:57.3,1,,,2,,,0,1,0,,0,,00:00.0,,00:00.0,,,00:00.0,,,00:00.0,,291,,,1,,,24,6,1,,,,"124,000","62,000",,3,,,"486,785",1,1,,,,,,,,,,,,,,,,,,,,,,,,,,,,,,,,,,,,,,,,,,
108,-1,06:57.3,,348536_1,,,-1,06:57.3,1,,,2,,,0,1,0,,0,,00:00.0,00:00.0,00:00.0,,,,00:00.0,,,,36044,,,1,,,4746,1,1,,,,"154,937.07","77,458.53",,1,,,"486,786",1,1,,,,,,,,,,,,,,,,,,,,,,,,,,,,,,,,,,,,,,,,,,
109,-1,06:57.3,,348539_1,,,-1,06:57.3,1,,,2,,,0,1,1,,0,,00:00.0,,00:00.0,,,,,,,,,,,1,,,,1,1,,,,"162,000","81,000",,1,"1,481,646",,"486,787",1,1,,,,,,,,,,,,,,,,,,,,,,,,,,,,,,,,,,,,,,,,,,
110,-1,06:57.3,,348543_1,,,-1,06:57.3,1,,,2,,,0,1,0,,0,,00:00.0,00:00.0,00:00.0,,,,,,,,57303,,,1,,,8206,1,1,,,,"120,000","60,000",,1,,,"486,791",1,1,,,,,,,,,,,,,,,,,,,,,,,,,,,,,,,,,,,,,,,,,,
111,-1,06:57.3,,348545_1,,,-1,06:57.3,1,,,2,,,0,1,0,,0,,00:00.0,00:00.0,00:00.0,,,,,,,,,,,2,,,5453,1,1,,,,"278,886.90","239,443.36",,1,,,"486,792",1,1,,,,,,,,,,,,,,,,,,,,,,,,,,,,,,,,,,,,,,,,,,
112,-1,06:57.3,,348547_1,,,-1,06:57.3,1,,,2,,,0,1,0,,0,,00:00.0,,00:00.0,,,,,,,,,,,1,,,,1,1,,,,"26,855.78","53,711.52",,1,"1,481,647",,"486,794",1,1,,,,,,,,,,,,,,,,,,,,,,,,,,,,,,,,,,,,,,,,,,
113,-1,06:57.3,,348550_1,,,-1,06:57.3,1,,,2,,,0,1,0,,0,,00:00.0,00:00.0,00:00.0,,,,00:00.0,,,,14569,,,1,,,1444,1,1,,,,"70,000","35,000",,1,,,"486,797",1,1,,,,,,,,,,,,,,,,,,,,,,,,,,,,,,,,,,,,,,,,,,
114,-1,06:57.3,,348550_2,,,-1,06:57.3,1,,,2,,,0,1,0,,0,,00:00.0,00:00.0,00:00.0,,,,00:00.0,,,,12320,,,1,,,1251,1,1,,,,"137,377.54","68,688.77",,1,,,"486,797",1,1,,,,,,,,,,,,,,,,,,,,,,,,,,,,,,,,,,,,,,,,,,
115,-1,06:57.3,,348551_1,,,-1,06:57.3,1,,,2,,,0,1,0,,0,,00:00.0,,00:00.0,,,,00:00.0,,,,,,,1,,,,1,1,,,,"175,595.35","87,797.77",,1,,,"486,798",1,1,,,,,,,,,,,,,,,,,,,,,,,,,,,,,,,,,,,,,,,,,,
116,-1,06:57.3,,348555_1,,,-1,06:57.3,1,,,2,,,0,1,1,,0,,00:00.0,,00:00.0,,,,,,,,,,,1,,,,1,2,,,,"700,000","350,000",,1,"1,481,648",,"486,799",1,1,,,,,,,,,,,,,,,,,,,,,,,,,,,,,,,,,,,,,,,,,,
117,-1,06:57.3,,348556_1,,,-1,06:57.3,1,,,2,,,0,1,0,,0,,00:00.0,00:00.0,00:00.0,,,,,,,,41757,,,1,,,6142,1,1,,,,"100,000,000","200,000,000",,1,,,"486,800",1,1,,,,,,,,,,,,,,,,,,,,,,,,,,,,,,,,,,,,,,,,,,
118,-1,06:57.3,,348559_1,,,-1,06:57.3,1,,,2,,,0,1,1,,0,,00:00.0,,00:00.0,,,,00:00.0,,,,,,,1,,,,1,1,,,,"130,000","41,000",,1,,,"486,802",1,1,,,,,,,,,,,,,,,,,,,,,,,,,,,,,,,,,,,,,,,,,,
119,-1,06:57.3,,348575_1,,,-1,06:57.3,1,,,2,,,0,1,1,,0,,00:00.0,,00:00.0,,,,00:00.0,,,,,,,1,,,,1,1,,,,"234,000","117,000",,1,,,"486,809",1,1,,,,,,,,,,,,,,,,,,,,,,,,,,,,,,,,,,,,,,,,,,
120,-1,06:57.3,,348581_1,,,-1,06:57.3,1,,,2,,,0,1,0,,0,,00:00.0,,00:00.0,,,,00:00.0,,,,,,,1,,,,1,1,,,,"46,481.12","23,240.56",,1,,,"486,815",1,1,,,,,,,,,,,,,,,,,,,,,,,,,,,,,,,,,,,,,,,,,,
121,-1,06:57.3,,348587_1,,,-1,06:57.3,1,,,2,,,0,1,0,,0,,00:00.0,,00:00.0,,,,00:00.0,,,,,,,1,,,,1,1,,,,"196,253.62","98,126.81",,1,,,"486,819",1,1,,,,,,,,,,,,,,,,,,,,,,,,,,,,,,,,,,,,,,,,,,
122,-1,06:57.3,,348601_1,,,-1,06:57.3,1,,,2,,,0,1,0,,0,,00:00.0,,00:00.0,,,,00:00.0,,,,,,,1,,,,1,1,,,,"92,962.24","46,481.12",,1,,,"486,829",1,1,,,,,,,,,,,,,,,,,,,,,,,,,,,,,,,,,,,,,,,,,,
123,-1,06:57.3,,348602_1,,,-1,06:57.3,1,,,2,,,0,1,0,,0,,00:00.0,,00:00.0,,,,,,,,,,,1,,,,1,1,,,,"92,962.24","46,481.12",,1,,,"486,830",1,1,,,,,,,,,,,,,,,,,,,,,,,,,,,,,,,,,,,,,,,,,,
124,-1,06:57.3,,348655_1,,,-1,06:57.3,1,,,2,,,0,1,0,,0,,00:00.0,00:00.0,00:00.0,,,,,,,,5052,,,1,,,1267,1,1,,,,"19,000","9,871.31",,1,,,"515,380",2,1,,,,,,,,,,,,,,,,,,,,,,,,,,,,,,,,,,,,,,,,,,
126,-1,06:57.3,,349020_1,,,-1,06:57.3,1,,,2,,,0,1,0,,0,,00:00.0,00:00.0,00:00.0,,,,,,,,124771,,,1,,,26641,1,1,,,,"17,800","8,963.92",,1,,,"31,003",2,1,,,,,,,,,,,,,,,,,,,,,,,,,,,,,,,,,,,,,,,,,,
127,-1,06:57.3,,349109_1,,,-1,06:57.3,1,,,2,,,0,1,0,,0,,00:00.0,00:00.0,00:00.0,,,,00:00.0,,,,62445,,,1,,,14311,1,1,,,,"27,400","13,654.72",,1,,,"31,066",2,1,,,,,,,,,,,,,,,,,,,,,,,,,,,,,,,,,,,,,,,,,,
128,-1,06:57.3,,349819_1,,,-1,06:57.3,1,,,2,,,0,1,,,0,,00:00.0,00:00.0,00:00.0,,,,,,,,35338,,,1,,,9017,1,1,,,,"240,000","120,000",,1,,,"516,825",1,1,,,,,,,,,,,,,,,,,,,,,,,,,,,,,,,,,,,,,,,,,,
130,-1,06:57.3,,351659_1,,,-1,06:57.3,1,,,2,,,0,1,0,,0,,00:00.0,00:00.0,00:00.0,,,,,,,,17748,,,2,,,3945,1,1,,,,"18,000","9,468.23",,1,,,"721,902",2,1,,,,,,,,,,,,,,,,,,,,,,,,,,,,,,,,,,,,,,,,,,
131,-1,06:57.3,,353982_1,,,-1,06:57.3,1,,,2,,,0,1,0,,0,,00:00.0,00:00.0,00:00.0,,,,,,,,149917,,,1,,,35375,1,2,,,,"25,000","16,111.31",,1,,,"726,246",2,1,,,,,,,,,,,,,,,,,,,,,,,,,,,,,,,,,,,,,,,,,,
132,-1,06:57.3,,356857_1,,,-1,06:57.3,1,,,2,,,0,1,0,,0,,00:00.0,00:00.0,00:00.0,,,,,,,,144509,,,1,,,30632,1,1,,,,"24,000","12,216.23",,1,,,"437,337",2,1,,,,,,,,,,,,,,,,,,,,,,,,,,,,,,,,,,,,,,,,,,
133,-1,06:57.3,,357423_1,,,-1,06:57.3,1,,,2,,,0,1,0,,0,,00:00.0,00:00.0,00:00.0,,,,,,,,22381,,,1,,,2423,1,2,,,,"15,000","8,993.98",,1,,,"32,239",2,1,,,,,,,,,,,,,,,,,,,,,,,,,,,,,,,,,,,,,,,,,,
134,-1,06:57.3,,357963_1,,,-1,06:57.3,1,,,2,,,0,1,0,,0,,00:00.0,00:00.0,00:00.0,,,,,,,,,,,1,,,1192,1,1,,,,"30,000","14,655.62",,1,,,"32,623",2,1,,,,,,,,,,,,,,,,,,,,,,,,,,,,,,,,,,,,,,,,,,
135,-1,06:57.3,,358452_1,,,-1,06:57.3,1,,,2,,,0,1,0,,0,,00:00.0,00:00.0,00:00.0,,,,,,,,32786,,,1,,,5040,1,1,,,,"25,000","12,051.43",,1,,,"70,218",2,1,,,,,,,,,,,,,,,,,,,,,,,,,,,,,,,,,,,,,,,,,,
136,-1,06:57.3,,360877_1,,,-1,06:57.3,1,,,2,,,0,1,0,,0,,00:00.0,00:00.0,00:00.0,,,,,,,,4935,,,1,,,942,1,1,,,,"32,000","1,599,924",,1,,,"791,508",2,1,,,,,,,,,,,,,,,,,,,,,,,,,,,,,,,,,,,,,,,,,,
137,-1,06:57.3,,365204_1,,,-1,06:57.3,1,,,2,,,0,1,0,,0,,00:00.0,00:00.0,00:00.0,,,,,,,,24785,,,1,,,3447,1,2,,,,"15,000","9,137.53",,1,,,"629,287",2,1,,,,,,,,,,,,,,,,,,,,,,,,,,,,,,,,,,,,,,,,,,
138,-1,06:57.3,,365205_1,,,-1,06:57.3,1,,,2,,,0,1,0,,0,,00:00.0,00:00.0,00:00.0,,,,,,,,24785,,,1,,,3447,1,2,,,,"15,000","9,137.53",,1,"1,481,649",,"33,650",2,1,,,,,,,,,,,,,,,,,,,,,,,,,,,,,,,,,,,,,,,,,,
139,-1,06:57.3,,365386_1,,,-1,06:57.3,1,,,2,,,0,1,0,,0,,00:00.0,00:00.0,00:00.0,,,,,,,,95769,,,1,,,23387,1,1,,,,"19,800","9,995.64",,1,,,"839,696",2,1,,,,,,,,,,,,,,,,,,,,,,,,,,,,,,,,,,,,,,,,,,
140,-1,06:57.3,,365881_1,,,-1,06:57.3,1,,,2,,,0,1,0,,0,,00:00.0,00:00.0,00:00.0,,,,,,,,2402,,,1,,,515,1,1,,,,"20,000","10,217.99",,1,,,"33,075",2,1,,,,,,,,,,,,,,,,,,,,,,,,,,,,,,,,,,,,,,,,,,
142,-1,06:57.3,,366573_1,,,-1,06:57.3,1,,,2,,,0,1,0,,0,,00:00.0,00:00.0,00:00.0,,,,00:00.0,,,,31865,,,1,,,7403,1,1,,,,"22,400","11,197.85",,1,,,"33,550",2,1,,,,,,,,,,,,,,,,,,,,,,,,,,,,,,,,,,,,,,,,,,
143,-1,06:57.3,,375601_1,,,-1,06:57.3,1,IPOTECA TRC SPA,,2,,,1,1,0,,0,,00:00.0,,00:00.0,,,,,,,,,,,1,,,,1,1,,,,"17,350","8,675.01",,1,,,"628,824",2,1,,,,,,,,,,,,,,,,,,,,,,,,,,,,,,,,,,,,,,,,,,
144,-1,06:57.3,,383596_1,,,-1,06:57.3,1,,,2,,,0,1,0,,0,,00:00.0,00:00.0,00:00.0,,,,,,,,4700,,,1,,,833,1,1,,,,"20,000","10,358.73",,1,,,"87,957",2,1,,,,,,,,,,,,,,,,,,,,,,,,,,,,,,,,,,,,,,,,,,
145,-1,06:57.3,,383685_1,,,-1,06:57.3,1,,,2,,,0,1,0,,0,,00:00.0,00:00.0,00:00.0,,,,,,,,12190,,,1,,,1706,1,2,,,,"15,000","10,095.48",,1,,,"88,183",2,1,,,,,,,,,,,,,,,,,,,,,,,,,,,,,,,,,,,,,,,,,,
146,-1,06:57.3,,399444_1,,,-1,06:57.3,1,,,2,,,0,1,0,,0,,00:00.0,00:00.0,00:00.0,,,,,,,,10527,,,2,,,2148,1,1,,,,"23,200","11,548.72",,1,,,"554,584",2,1,,,,,,,,,,,,,,,,,,,,,,,,,,,,,,,,,,,,,,,,,,
147,-1,06:57.3,,426592_1,,,-1,06:57.3,1,,,2,,,0,1,0,,0,,00:00.0,00:00.0,00:00.0,,,,,,,,,,,1,,,,1,1,,,,"20,000","11,515.96",,1,,,"554,733",2,1,,,,,,,,,,,,,,,,,,,,,,,,,,,,,,,,,,,,,,,,,,
148,-1,06:57.3,,426827_1,,,-1,06:57.3,1,,,2,,,0,1,0,,0,,00:00.0,00:00.0,00:00.0,,,,,,,,149918,,,1,,,35376,1,1,,,,"20,000","12,291.35",,1,,,"553,604",2,1,,,,,,,,,,,,,,,,,,,,,,,,,,,,,,,,,,,,,,,,,,
150,-1,06:57.3,,427583_1,,,-1,06:57.3,1,,,2,,,0,1,0,,0,,00:00.0,00:00.0,00:00.0,,,,,,,,5221,,,1,,,1085,1,1,,,,"26,000","13,114.59",,1,,,"33,841",2,1,,,,,,,,,,,,,,,,,,,,,,,,,,,,,,,,,,,,,,,,,,
151,-1,06:57.3,,430398_1,,,-1,06:57.3,1,,,2,,,0,1,0,,0,,00:00.0,00:00.0,00:00.0,,,,,,,,46374,,,1,,,9416,1,1,,,,"20,000","15,285.49",,1,,,"837,151",2,1,,,,,,,,,,,,,,,,,,,,,,,,,,,,,,,,,,,,,,,,,,
152,-1,06:57.3,,430456_1,,,-1,06:57.3,1,,,2,,,0,1,0,,0,,00:00.0,00:00.0,00:00.0,,,,,,,,12598,,,1,,,2351,1,1,,,,"25,000","14,064.47",,1,,,"34,046",2,1,,,,,,,,,,,,,,,,,,,,,,,,,,,,,,,,,,,,,,,,,,
153,-1,06:57.3,,430540_1,,,-1,06:57.3,1,,,2,,,0,1,0,,0,,00:00.0,00:00.0,00:00.0,,,,,,,,16099,,,1,,,3901,1,1,,,,"23,600","11,803.80",,1,,,"34,428",2,1,,,,,,,,,,,,,,,,,,,,,,,,,,,,,,,,,,,,,,,,,,
154,-1,06:57.3,,430545_1,,,-1,06:57.3,1,,,2,,,0,1,0,,0,,00:00.0,00:00.0,00:00.0,,,,,,,,35580,,,1,,,7650,1,1,,,,"20,000","11,045.81",,1,,,"34,274",2,1,,,,,,,,,,,,,,,,,,,,,,,,,,,,,,,,,,,,,,,,,,
155,-1,06:57.3,,444835_1,,,-1,06:57.3,1,,,2,,,0,1,0,,0,,00:00.0,00:00.0,00:00.0,,,,,,,,4701,,,1,,,834,1,1,,,,"32,000","19,041.64",,1,,,"660,544",2,1,,,,,,,,,,,,,,,,,,,,,,,,,,,,,,,,,,,,,,,,,,
156,-1,06:57.3,,445166_1,,,-1,06:57.3,1,,,2,,,0,1,0,,0,,00:00.0,00:00.0,00:00.0,,,,,,,,17327,,,1,,,2401,1,1,,,,"45,000","42,216.36",,1,,,"660,403",2,1,,,,,,,,,,,,,,,,,,,,,,,,,,,,,,,,,,,,,,,,,,
157,-1,06:57.3,,445307_1,,,-1,06:57.3,1,,,2,,,0,1,0,,0,,00:00.0,00:00.0,00:00.0,,,,,,,,9793,,,2,,,2266,1,1,,,,"20,000","10,396.85",,1,,,"661,009",2,1,,,,,,,,,,,,,,,,,,,,,,,,,,,,,,,,,,,,,,,,,,
158,-1,06:57.3,,445455_1,,,-1,06:57.3,1,,,2,,,0,1,0,,0,,00:00.0,00:00.0,00:00.0,,,,,,,,17976,,,1,,,2138,1,1,,,,"30,000","22,566.45",,1,,,"660,524",2,1,,,,,,,,,,,,,,,,,,,,,,,,,,,,,,,,,,,,,,,,,,
159,-1,06:57.3,,446160_1,,,-1,06:57.3,1,,,1,,,,,,,0,,00:00.0,,,,,,,,,0,,,,0,1,,,1,0,,0,,"6,713.93",,,1,"1,481,650",,"35,360",,3,,,,,,,,,,,,,,,,,,,,,,,,,,,,,,,,,,,,,,,,,,
160,-1,06:57.3,,456550_1,,,-1,06:57.3,1,,,2,,,0,1,0,,0,,00:00.0,,00:00.0,,,,,,,,,,,1,,,,1,2,,,,"15,000","9,297.06",,1,,,"440,879",2,1,,,,,,,,,,,,,,,,,,,,,,,,,,,,,,,,,,,,,,,,,,
161,-1,06:57.3,,456795_1,,,-1,06:57.3,1,,,2,,,0,1,0,,0,,00:00.0,00:00.0,00:00.0,,,,,,,,24307,,,1,,,3648,1,1,,,,"15,000","9,403.87",,1,,,"660,003",2,1,,,,,,,,,,,,,,,,,,,,,,,,,,,,,,,,,,,,,,,,,,
162,-1,06:57.3,,464910_1,,,-1,06:57.3,1,,,2,,,0,1,0,,0,,00:00.0,,00:00.0,,,,,,,,,,,1,,,,1,1,,,,"25,600","12,800",,1,,,"441,634",2,1,,,,,,,,,,,,,,,,,,,,,,,,,,,,,,,,,,,,,,,,,,
163,-1,06:57.3,,464929_1,,,-1,06:57.3,1,,,2,,,0,1,0,,0,,00:00.0,00:00.0,00:00.0,,,,,,,,3263,,,2,,,912,1,1,,,,"20,000","10,620.57",,1,,,"516,986",2,1,,,,,,,,,,,,,,,,,,,,,,,,,,,,,,,,,,,,,,,,,,
164,-1,06:57.3,,465217_1,,,-1,06:57.3,1,,,2,,,0,1,0,,0,,00:00.0,00:00.0,00:00.0,,,,,,,,23200,,,1,,,5566,1,1,,,,"15,000","11,108.93",,1,,,"660,282",2,1,,,,,,,,,,,,,,,,,,,,,,,,,,,,,,,,,,,,,,,,,,
165,-1,06:57.3,,465385_1,,,-1,06:57.3,1,,,2,,,0,1,0,,0,,00:00.0,00:00.0,00:00.0,,,,,,,,13944,,,1,,,2905,1,1,,,,"34,000","24,823.43",,1,,,"517,068",2,1,,,,,,,,,,,,,,,,,,,,,,,,,,,,,,,,,,,,,,,,,,
167,-1,06:57.3,,466170_1,,,-1,06:57.3,1,,,2,,,0,1,0,,0,,00:00.0,00:00.0,00:00.0,,,,,,,,,,,1,,,8553,1,1,,,,"24,000","11,944.62",,1,,,"660,305",2,1,,,,,,,,,,,,,,,,,,,,,,,,,,,,,,,,,,,,,,,,,,
168,-1,06:57.3,,466196_1,,,-1,06:57.3,1,,,2,,,0,1,0,,0,,00:00.0,00:00.0,00:00.0,,,,,,,,3160,,,2,,,626,1,1,,,,"28,000","14,599.63",,1,,,"502,444",2,1,,,,,,,,,,,,,,,,,,,,,,,,,,,,,,,,,,,,,,,,,,
169,-1,06:57.3,,466332_1,,,-1,06:57.3,1,,,2,,,0,1,0,,0,,00:00.0,00:00.0,00:00.0,,,,,,,,26602,,,1,,,4660,1,1,,,,"35,000","24,669.01",,1,,,"660,929",2,1,,,,,,,,,,,,,,,,,,,,,,,,,,,,,,,,,,,,,,,,,,
170,-1,06:57.3,,479461_1,,,-1,06:57.3,1,,,2,,,0,1,0,,0,,00:00.0,00:00.0,00:00.0,,,,,,,,9386,,,1,,,1531,1,1,,,,"20,000","12,684.68",,1,,,"567,909",2,1,,,,,,,,,,,,,,,,,,,,,,,,,,,,,,,,,,,,,,,,,,
171,-1,06:57.3,,479568_1,,,-1,06:57.3,1,,,2,,,0,1,0,,0,,00:00.0,00:00.0,00:00.0,,,,,,,,2132,,,1,,,164,1,1,,,,"32,000","26,395.18",,1,,,"568,330",2,1,,,,,,,,,,,,,,,,,,,,,,,,,,,,,,,,,,,,,,,,,,
173,-1,06:57.3,,480018_1,,,-1,06:57.3,1,,,2,,,0,1,0,,0,,00:00.0,00:00.0,00:00.0,,,,,,,,23257,,,1,,,1970,1,1,,,,"20,000","10,407.62",,1,,,"567,537",2,1,,,,,,,,,,,,,,,,,,,,,,,,,,,,,,,,,,,,,,,,,,
175,-1,06:57.3,,483031_1,,,-1,06:57.3,1,,,2,,,0,1,0,,0,,00:00.0,00:00.0,00:00.0,,,,,,,,13963,,,1,,,1519,1,1,,,,"13,000","9,560.02",,1,,,"568,054",2,1,,,,,,,,,,,,,,,,,,,,,,,,,,,,,,,,,,,,,,,,,,
176,-1,06:57.3,,488638_1,,,-1,06:57.3,1,,,2,,,0,1,0,,0,,00:00.0,00:00.0,00:00.0,,,,,,,,3924,,,1,,,449,1,1,,,,"15,000","9,563.61",,1,,,"723,857",2,1,,,,,,,,,,,,,,,,,,,,,,,,,,,,,,,,,,,,,,,,,,
177,-1,06:57.3,,489315_1,,,-1,06:57.3,1,,,2,,,0,1,0,,0,,00:00.0,00:00.0,00:00.0,,,,,,,,15485,,,1,,,1267,1,1,,,,"18,000","9,242.66",,1,,,"507,414",2,1,,,,,,,,,,,,,,,,,,,,,,,,,,,,,,,,,,,,,,,,,,
178,-1,06:57.3,,490633_1,,,-1,06:57.3,1,,,2,,,0,1,0,,0,,00:00.0,00:00.0,00:00.0,,,,,,,,31055,,,1,,,5986,1,1,,,,"25,000","18,070.23",,1,,,"507,558",2,1,,,,,,,,,,,,,,,,,,,,,,,,,,,,,,,,,,,,,,,,,,
179,-1,06:57.3,,491457_1,,,-1,06:57.3,1,,,2,,,0,1,0,,0,,00:00.0,00:00.0,00:00.0,,,,,,,,7645,,,1,,,1951,1,1,,,,"25,000","14,647.85",,1,,,"660,481",2,1,,,,,,,,,,,,,,,,,,,,,,,,,,,,,,,,,,,,,,,,,,
180,-1,06:57.3,,493965_1,,,-1,06:57.3,1,,,2,,,0,1,0,,0,,00:00.0,,00:00.0,,,,,,,,,,,2,,,,1,1,,,,"13,099.09","20,000",,1,,,"441,787",2,1,,,,,,,,,,,,,,,,,,,,,,,,,,,,,,,,,,,,,,,,,,
181,-1,06:57.3,,495429_1,,,-1,06:57.3,1,,,2,,,0,1,0,,0,,00:00.0,00:00.0,00:00.0,,,,,,,,61222,,,1,,,13770,1,1,,,,"24,000","13,814.70",,1,,,"37,406",2,1,,,,,,,,,,,,,,,,,,,,,,,,,,,,,,,,,,,,,,,,,,
182,-1,06:57.3,,499457_1,,,-1,06:57.3,1,,,2,,,0,1,0,,0,,00:00.0,,00:00.0,,,,,,,,,,,1,,,,1,1,,,,"30,000","15,000",,1,,,"447,225",2,1,,,,,,,,,,,,,,,,,,,,,,,,,,,,,,,,,,,,,,,,,,
184,-1,06:57.3,,511646_1,,,-1,06:57.3,1,,,2,,,0,1,0,,0,,00:00.0,00:00.0,00:00.0,,,,,,,,36161,,,1,,,7826,1,1,,,,"22,000","16,969.64",,1,,,"572,441",2,1,,,,,,,,,,,,,,,,,,,,,,,,,,,,,,,,,,,,,,,,,,
185,-1,06:57.3,,511653_1,,,-1,06:57.3,1,,,2,,,0,1,0,,0,,00:00.0,00:00.0,00:00.0,,,,,,,,38428,,,1,,,7082,1,1,,,,"20,000","12,926.09",,1,,,"572,084",2,1,,,,,,,,,,,,,,,,,,,,,,,,,,,,,,,,,,,,,,,,,,
187,-1,06:57.3,,512214_1,,,-1,06:57.3,1,,,2,,,0,1,0,,0,,00:00.0,,00:00.0,,,,,,,,,,,1,,,,1,1,,,,"28,000","15,147.58",,1,"1,481,651",,"571,292",2,1,,,,,,,,,,,,,,,,,,,,,,,,,,,,,,,,,,,,,,,,,,
188,-1,06:57.3,,512369_1,,,-1,06:57.3,1,,,2,,,0,1,0,,0,,00:00.0,,00:00.0,,,,,,,,,,,1,,,,1,1,,,,"28,000","15,147.58",,1,"1,481,652",,"571,293",2,1,,,,,,,,,,,,,,,,,,,,,,,,,,,,,,,,,,,,,,,,,,
189,-1,06:57.3,,513776_1,,,-1,06:57.3,1,,,2,,,0,1,0,,0,,00:00.0,00:00.0,00:00.0,,,,,,,,15292,,,1,,,2116,1,1,,,,"20,000","15,108.13",,1,,,"572,634",2,1,,,,,,,,,,,,,,,,,,,,,,,,,,,,,,,,,,,,,,,,,,
190,-1,06:57.3,,516820_1,,,-1,06:57.3,1,,,2,,,0,1,0,,0,,00:00.0,00:00.0,00:00.0,,,,,,,,24503,,,1,,,4897,1,1,,,,"13,000","9,818.96",,1,,,"570,548",2,1,,,,,,,,,,,,,,,,,,,,,,,,,,,,,,,,,,,,,,,,,,
191,-1,06:57.3,,683962_1,,,-1,06:57.3,1,,,2,,,0,1,0,,0,,00:00.0,00:00.0,00:00.0,,,,,,,,63560,,,1,,,8403,1,1,,,,"40,000","33,171.06",,1,,,"613,140",2,1,,,,,,,,,,,,,,,,,,,,,,,,,,,,,,,,,,,,,,,,,,
192,-1,06:57.3,,684063_1,,,-1,06:57.3,1,,,2,,,0,1,0,,0,,00:00.0,,00:00.0,,,,,,,,,,,1,,,,1,2,,,,"25,000","14,602.98",,1,"1,481,653",,"612,751",2,1,,,,,,,,,,,,,,,,,,,,,,,,,,,,,,,,,,,,,,,,,,
193,-1,06:57.3,,684168_1,,,-1,06:57.3,1,,,2,,,0,1,0,,0,,00:00.0,00:00.0,00:00.0,,,,,,,,8621,,,1,,,1221,1,1,,,,"15,000","10,749",,1,,,"613,295",2,1,,,,,,,,,,,,,,,,,,,,,,,,,,,,,,,,,,,,,,,,,,
194,-1,06:57.3,,684451_1,,,-1,06:57.3,1,,,2,,,0,1,0,,0,,00:00.0,00:00.0,00:00.0,,,,,,,,10685,,,1,,,1902,1,1,,,,"20,000","15,587.11",,1,,,"90,500",2,1,,,,,,,,,,,,,,,,,,,,,,,,,,,,,,,,,,,,,,,,,,
195,-1,06:57.3,,689209_1,,,-1,06:57.3,1,,,2,,,0,1,0,,0,,00:00.0,00:00.0,00:00.0,,,,,,,,6229,,,1,,,375,1,1,,,,"26,000","18,667.88",,1,,,"508,299",2,1,,,,,,,,,,,,,,,,,,,,,,,,,,,,,,,,,,,,,,,,,,
196,-1,06:57.3,,689236_1,,,-1,06:57.3,1,,,2,,,0,1,0,,0,,00:00.0,00:00.0,00:00.0,,,,,,,,32216,,,1,,,2713,1,1,,,,"18,000","12,582.31",,1,,,"507,826",2,1,,,,,,,,,,,,,,,,,,,,,,,,,,,,,,,,,,,,,,,,,,
197,-1,06:57.3,,689373_1,,,-1,06:57.3,1,,,2,,,0,1,0,,0,,00:00.0,00:00.0,00:00.0,,,,,,,,1665,,,2,,,340,1,1,,,,"20,000","14,831.14",,1,,,"662,521",2,1,,,,,,,,,,,,,,,,,,,,,,,,,,,,,,,,,,,,,,,,,,
198,-1,06:57.3,,689384_1,,,-1,06:57.3,1,,,2,,,0,1,0,,0,,00:00.0,00:00.0,00:00.0,,,,,,,,7318,,,1,,,498,1,1,,,,"20,000","10,748.39",,1,,,"661,968",2,1,,,,,,,,,,,,,,,,,,,,,,,,,,,,,,,,,,,,,,,,,,
199,-1,06:57.3,,689694_1,,,-1,06:57.3,1,,,2,,,0,1,0,,0,,00:00.0,00:00.0,00:00.0,,,,,,,,16206,,,1,,,1523,1,1,,,,"45,000","33,986.80",,1,,,"661,645",2,1,,,,,,,,,,,,,,,,,,,,,,,,,,,,,,,,,,,,,,,,,,
201,-1,06:57.3,,691597_1,,,-1,06:57.3,1,,,2,,,0,1,0,,0,,00:00.0,00:00.0,00:00.0,,,,,,,,32510,,,1,,,3043,1,1,,,,"23,000","16,834.41",,1,,,"661,567",2,1,,,,,,,,,,,,,,,,,,,,,,,,,,,,,,,,,,,,,,,,,,
202,-1,06:57.3,,691704_1,,,-1,06:57.3,1,,,2,,,0,1,0,,0,,00:00.0,00:00.0,00:00.0,,,,,,,,8469,,,1,,,890,1,2,,,,"25,000","16,050",,1,,,"447,848",2,1,,,,,,,,,,,,,,,,,,,,,,,,,,,,,,,,,,,,,,,,,,
203,-1,06:57.3,,695912_1,,,-1,06:57.3,1,,,2,,,0,1,0,,0,,00:00.0,00:00.0,00:00.0,,,,,,,,16788,,,1,,,1576,1,1,,,,"32,000","26,806.67",,1,,,"447,956",2,1,,,,,,,,,,,,,,,,,,,,,,,,,,,,,,,,,,,,,,,,,,
204,-1,06:57.3,,696544_1,,,-1,06:57.3,1,,,2,,,0,1,0,,0,,00:00.0,00:00.0,00:00.0,,,,,,,,55677,,,1,,,8001,1,1,,,,"28,000","21,991.93",,1,,,"447,722",2,1,,,,,,,,,,,,,,,,,,,,,,,,,,,,,,,,,,,,,,,,,,
205,-1,06:57.3,,699917_1,,,-1,06:57.3,1,,,2,,,0,1,0,,0,,00:00.0,00:00.0,00:00.0,,,,,,,,4811,,,1,,,303,1,1,,,,"15,000","9,633.06",,1,,,"662,124",2,1,,,,,,,,,,,,,,,,,,,,,,,,,,,,,,,,,,,,,,,,,,
206,-1,06:57.3,,704673_1,,,-1,06:57.3,1,,,2,,,0,1,0,,0,,00:00.0,00:00.0,00:00.0,,,,,,,,12210,,,1,,,1028,1,2,,,,"18,000","10,831.94",,1,,,"510,217",2,1,,,,,,,,,,,,,,,,,,,,,,,,,,,,,,,,,,,,,,,,,,
207,-1,06:57.3,,707035_1,,,-1,06:57.3,1,,,2,,,0,1,0,,0,,00:00.0,00:00.0,00:00.0,,,,00:00.0,,,,3872,,,1,,,391,1,1,,,,"17,000","11,907.43",,1,,,"576,392",2,1,,,,,,,,,,,,,,,,,,,,,,,,,,,,,,,,,,,,,,,,,,
208,-1,06:57.3,,707205_1,,,-1,06:57.3,1,,,2,,,0,1,0,,0,,00:00.0,00:00.0,00:00.0,,,,,,,,64,,,1,,,5,1,1,,,,"20,000","10,478.87",,1,,,"576,857",2,1,,,,,,,,,,,,,,,,,,,,,,,,,,,,,,,,,,,,,,,,,,
209,-1,06:57.3,,728407_1,,,-1,06:57.3,1,,,2,,,0,1,0,,0,,00:00.0,00:00.0,00:00.0,,,,,,,,66214,,,1,,,8815,1,2,,,,"30,000","17,503.06",,1,,,"518,192",2,1,,,,,,,,,,,,,,,,,,,,,,,,,,,,,,,,,,,,,,,,,,
210,-1,06:57.3,,748075_1,,,-1,06:57.3,1,,,2,,,0,1,0,,0,,00:00.0,00:00.0,00:00.0,,,,,,,,7641,,,1,,,1015,1,1,,,,"37,000","32,474.50",,1,,,"451,083",2,1,,,,,,,,,,,,,,,,,,,,,,,,,,,,,,,,,,,,,,,,,,
211,-1,06:57.3,,750418_1,,,-1,06:57.3,1,,,2,,,0,1,0,,0,,00:00.0,,00:00.0,,,,,,,,,,,1,,,,1,2,,,,"25,000","16,050",,1,,,"451,162",2,1,,,,,,,,,,,,,,,,,,,,,,,,,,,,,,,,,,,,,,,,,,
212,-1,06:57.3,,762835_1,,,-1,06:57.3,1,,,2,,,0,1,0,,0,,00:00.0,,00:00.0,,,,,,,,,,,1,,,,1,2,,,,"220,000","110,000",,1,,,"450,412",1,1,,,,,,,,,,,,,,,,,,,,,,,,,,,,,,,,,,,,,,,,,,
213,-1,06:57.3,,763172_1,,,-1,06:57.3,1,,,2,,,0,1,0,,0,,00:00.0,00:00.0,00:00.0,,,,,,,,215,,,1,,,1597,1,1,,,,"15,000","10,589.73",,1,,,"452,005",2,1,,,,,,,,,,,,,,,,,,,,,,,,,,,,,,,,,,,,,,,,,,
214,-1,06:57.3,,780184_1,,,-1,06:57.3,1,,,2,,,0,1,0,,0,,00:00.0,00:00.0,00:00.0,,,,,,,,10313,,,1,,,1445,1,1,,,,"20,000","14,239.05",,1,,,"452,420",2,1,,,,,,,,,,,,,,,,,,,,,,,,,,,,,,,,,,,,,,,,,,
215,-1,06:57.3,,788747_1,,,-1,06:57.3,1,,,2,,,0,1,0,,0,,00:00.0,00:00.0,00:00.0,,,,,,,,1089,,,1,,,113,1,1,,,,"15,000","9,834.03",,1,,,"68,115",2,1,,,,,,,,,,,,,,,,,,,,,,,,,,,,,,,,,,,,,,,,,,
216,-1,06:57.3,,809218_1,,,-1,06:57.3,1,,,2,,,0,1,0,,0,,00:00.0,00:00.0,00:00.0,,,,,,,,5964,,,1,,,799,1,1,,,,"16,000","11,054.87",,1,,,"187,692",2,1,,,,,,,,,,,,,,,,,,,,,,,,,,,,,,,,,,,,,,,,,,
217,-1,06:57.3,,903939_1,,,-1,06:57.3,1,,,2,,,0,1,0,,0,,00:00.0,00:00.0,00:00.0,,,,,,,,15016,,,1,,,1911,1,1,,,,"15,000","10,760.94",,1,,,"189,122",2,1,,,,,,,,,,,,,,,,,,,,,,,,,,,,,,,,,,,,,,,,,,
218,-1,06:57.3,,1290112_1,,,-1,06:57.3,1,,,2,,,0,1,0,,0,,00:00.0,,00:00.0,,,,,,,,,,,1,,,5423,1,1,,,,"90,000","6,959,055",,1,,,"893,384",2,1,,,,,,,,,,,,,,,,,,,,,,,,,,,,,,,,,,,,,,,,,,
219,-1,06:57.3,,1375884_1,,,-1,06:57.3,1,,,2,,,0,1,0,,0,,00:00.0,00:00.0,00:00.0,,,,,,,,,,,1,,,576,1,1,,,,"32,000","21,607.33",,1,,,"1,051,190",2,1,,,,,,,,,,,,,,,,,,,,,,,,,,,,,,,,,,,,,,,,,,
220,-1,06:57.3,,1376132_1,,,-1,06:57.3,1,,,2,,,0,1,0,,0,,00:00.0,00:00.0,00:00.0,,,,,,,,,,,1,,,1632,1,1,,,,"100,000","63,960.63",,1,,,"1,050,708",2,1,,,,,,,,,,,,,,,,,,,,,,,,,,,,,,,,,,,,,,,,,,
221,-1,06:57.3,,1376303_1,,,-1,06:57.3,1,,,2,,,0,1,0,,0,,00:00.0,00:00.0,00:00.0,,,,,,,,,,,1,,,5881,1,1,,,,"37,480.32","50,000",,1,,,"1,051,152",2,1,,,,,,,,,,,,,,,,,,,,,,,,,,,,,,,,,,,,,,,,,,
222,-1,06:57.3,,1376435_1,,,-1,06:57.3,1,,,2,,,0,1,0,,0,,00:00.0,,00:00.0,,,,,,,,,,,1,,,,1,1,,,,"35,000","27,540.31",,1,,,"1,051,070",2,1,,,,,,,,,,,,,,,,,,,,,,,,,,,,,,,,,,,,,,,,,,
223,-1,06:57.3,,1377166_1,,,-1,06:57.3,1,,,2,,,0,1,0,,0,,00:00.0,00:00.0,00:00.0,,,,,,,,,,,1,,,774,1,1,,,,"53,000","36,418.01",,1,,,"1,051,249",2,1,,,,,,,,,,,,,,,,,,,,,,,,,,,,,,,,,,,,,,,,,,
224,-1,06:57.3,,1384692_1,,,-1,06:57.3,1,,,2,,,0,1,0,,0,,00:00.0,00:00.0,00:00.0,,,,,,,,,,,1,,,4977,1,1,,,,"33,000","15,557.03",,1,"1,481,654",,"1,039,625",2,1,,,,,,,,,,,,,,,,,,,,,,,,,,,,,,,,,,,,,,,,,,
225,"1,638",04:38.8,,1391827_1,,,-1,06:57.3,1,,,2,,,0,0,0,,0,,,00:00.0,,,,00:00.0,,,00:00.0,,,,,0,,4791,873,1,1,,,,"190,000","110,881.43",,4,,,"1,055,267",2,1,,,,,,,,,,,,,,,,,,,,,,,,,,,,,,,,,,,,,,,,,,
226,-1,06:57.3,,1391833_1,,,-1,06:57.3,1,,,2,,,0,1,0,,0,,00:00.0,00:00.0,00:00.0,,,,,,,,45724,,,1,,,10578,1,1,,,,"45,000","30,011.41",,1,"1,481,655",,"1,054,190",2,1,,,,,,,,,,,,,,,,,,,,,,,,,,,,,,,,,,,,,,,,,,
227,-1,06:57.3,,1391896_1,,,-1,06:57.3,1,,,2,,,0,1,0,,0,,00:00.0,00:00.0,00:00.0,,,,,,,,17244,,,1,,,1420,1,1,,,,"80,000","55,077.27",,1,,,"1,060,132",2,1,,,,,,,,,,,,,,,,,,,,,,,,,,,,,,,,,,,,,,,,,,
228,-1,06:57.3,,1391973_1,,,-1,06:57.3,1,,,2,,,0,1,0,,0,,00:00.0,00:00.0,00:00.0,,,,,,,,,,,1,,,1106,1,1,,,,"51,000","43,295",,1,,,"1,052,797",2,1,,,,,,,,,,,,,,,,,,,,,,,,,,,,,,,,,,,,,,,,,,
229,-1,06:57.3,,1392009_1,,,-1,06:57.3,1,,,2,,,0,1,0,,0,,00:00.0,00:00.0,00:00.0,,,,,,,,,,,1,,,6825,1,1,,,,"36,051.60","31,000",,1,,,"1,058,833",2,1,,,,,,,,,,,,,,,,,,,,,,,,,,,,,,,,,,,,,,,,,,
230,-1,06:57.3,,1392021_1,,,-1,06:57.3,1,,,2,,,0,1,0,,0,,00:00.0,,00:00.0,,,,,,,,,,,1,,,10575,1,1,,,,"350,000","294,759.40",,1,,,"1,054,835",2,1,,,,,,,,,,,,,,,,,,,,,,,,,,,,,,,,,,,,,,,,,,
231,-1,06:57.3,,1392023_1,,,-1,06:57.3,1,,,2,,,0,1,0,,0,,00:00.0,00:00.0,00:00.0,,,,,,,,4571,,,1,,,415,1,1,,,,"40,000","37,870.19",,1,,,"1,055,496",2,1,,,,,,,,,,,,,,,,,,,,,,,,,,,,,,,,,,,,,,,,,,
232,-1,06:57.3,,1392043_2,,,-1,06:57.3,1,,,2,,,0,1,0,,0,,00:00.0,,00:00.0,,,,,,,,,,,1,,,,1,1,,,,"108,000","80,825",,1,,,"1,053,648",2,1,,,,,,,,,,,,,,,,,,,,,,,,,,,,,,,,,,,,,,,,,,
233,-1,06:57.3,,1392088_1,,,-1,06:57.3,1,,,2,,,0,1,0,,0,,00:00.0,00:00.0,00:00.0,,,,,,,,150032,,,1,,,34067,1,2,,,,"60,000","3,718,864",,1,,,"1,053,814",2,1,,,,,,,,,,,,,,,,,,,,,,,,,,,,,,,,,,,,,,,,,,
234,-1,06:57.3,,1392111_1,,,-1,06:57.3,1,,,2,,,0,1,0,,0,,00:00.0,,00:00.0,,,,,,,,,,,1,,,,1,1,,,,"47,000","39,702.85",,1,,,"1,055,245",2,1,,,,,,,,,,,,,,,,,,,,,,,,,,,,,,,,,,,,,,,,,,
235,"1,638",34:10.9,,1392126_1,,,-1,06:57.3,1,,,2,,,0,1,0,,0,,,,00:00.0,,,00:00.0,,,00:00.0,,,,,1,,,455,1,1,,,,"130,000","98,930.82",,2,,,"1,055,120",2,1,,,,,,,,,,,,,,,,,,,,,,,,,,,,,,,,,,,,,,,,,,
237,-1,06:57.3,,1392256_1,,,-1,06:57.3,1,,,2,,,0,1,0,,0,,00:00.0,00:00.0,00:00.0,,,,,,,,11091,,,1,,,2109,1,2,,,,"57,500","44,739.76",,1,,,"1,054,923",2,1,,,,,,,,,,,,,,,,,,,,,,,,,,,,,,,,,,,,,,,,,,
238,-1,06:57.3,,1392259_1,,,-1,06:57.3,1,,,2,,,0,1,0,,0,,00:00.0,,00:00.0,,,,,,,,,,,1,,,1896,1,1,,,,"44,000","37,381.33",,1,,,"1,053,092",2,1,,,,,,,,,,,,,,,,,,,,,,,,,,,,,,,,,,,,,,,,,,
239,-1,06:57.3,,1392300_1,,,-1,06:57.3,1,,,2,,,0,1,0,,0,,00:00.0,00:00.0,00:00.0,,,,00:00.0,,,,,,,1,,,8398,1,1,,,,"30,987.41","16,321.25",,1,,,"1,052,378",2,1,,,,,,,,,,,,,,,,,,,,,,,,,,,,,,,,,,,,,,,,,,
240,-1,06:57.3,,1392343_1,,,-1,06:57.3,1,,,2,,,0,1,0,,0,,00:00.0,,00:00.0,,,,,,,,,,,1,,,385,1,1,,,,"48,000","30,660.49",,1,,,"1,055,379",2,1,,,,,,,,,,,,,,,,,,,,,,,,,,,,,,,,,,,,,,,,,,
241,-1,06:57.3,,1392349_1,,,-1,06:57.3,1,,,2,,,0,1,0,,0,,00:00.0,00:00.0,00:00.0,,,,,,,,,,,1,,,2606,1,1,,,,"80,000","40,595",,1,,,"1,056,421",2,1,,,,,,,,,,,,,,,,,,,,,,,,,,,,,,,,,,,,,,,,,,
242,-1,06:57.3,,1392358_1,,,-1,06:57.3,1,,,2,,,0,1,0,,0,,00:00.0,,00:00.0,,,,,,,,,,,1,,,7545,1,1,,,,"123,000","90,722.61",,1,,,"1,053,747",2,1,,,,,,,,,,,,,,,,,,,,,,,,,,,,,,,,,,,,,,,,,,
243,-1,06:57.3,,1392381_1,,,-1,06:57.3,1,,,2,,,0,1,0,,0,,00:00.0,00:00.0,00:00.0,,,,,,,,,,,1,,,258,1,1,,,,"50,000","29,671.45",,1,,,"1,056,803",2,1,,,,,,,,,,,,,,,,,,,,,,,,,,,,,,,,,,,,,,,,,,
244,"1,362",02:42.7,,1392423_1,,,-1,06:57.3,1,,,2,,,0,1,0,,0,,00:00.0,00:00.0,00:00.0,,,,,,,,7656,,,1,,,727,1,2,,,,"220,369.66","110,184.83",,4,,,"1,059,514",2,1,,,,,,,,,,,,,,,,,,,,,,,,,,,,,,,,,,,,,,,,,,
245,-1,06:57.3,,1392471_1,,,-1,06:57.3,1,,,2,,,0,1,0,,0,,00:00.0,,00:00.0,,,,,,,,,,,1,,,483,1,1,,,,"113,258.24","83,534.57",,1,,,"1,054,070",2,1,,,,,,,,,,,,,,,,,,,,,,,,,,,,,,,,,,,,,,,,,,
246,-1,06:57.3,,1392482_1,,,-1,06:57.3,1,,,2,,,0,1,0,,0,,00:00.0,,00:00.0,,,,,,,,,,,1,,,3238,1,1,,,,"45,000","32,723.02",,1,,,"1,058,589",2,1,,,,,,,,,,,,,,,,,,,,,,,,,,,,,,,,,,,,,,,,,,
247,-1,06:57.3,,1392482_2,,,-1,06:57.3,1,,,2,,,0,1,0,,0,,00:00.0,,00:00.0,,,,,,,,,,,1,,,3290,1,1,,,,"82,000","60,000",,1,,,"1,058,589",2,1,,,,,,,,,,,,,,,,,,,,,,,,,,,,,,,,,,,,,,,,,,
248,-1,06:57.3,,1392486_1,,,-1,06:57.3,1,,,2,,,0,1,0,,0,,00:00.0,,00:00.0,,,,,,,,,,,1,,,11124,1,1,,,,"49,942","37,949.01",,1,,,"1,054,581",2,1,,,,,,,,,,,,,,,,,,,,,,,,,,,,,,,,,,,,,,,,,,
249,-1,06:57.3,,1392553_1,,,-1,06:57.3,1,,,2,,,0,1,0,,0,,00:00.0,00:00.0,00:00.0,,,,,,,,41240,,,1,,,6095,1,1,,,,"130,000","86,738.04",,1,,,"1,059,525",2,1,,,,,,,,,,,,,,,,,,,,,,,,,,,,,,,,,,,,,,,,,,
250,"1,638",36:32.9,,1392569_1,,,-1,06:57.3,1,,,2,,,0,0,0,,0,,,,,,,00:00.0,,,00:00.0,,,,,0,,27638,2468,1,1,,,,"90,000","70,000",,3,,,"1,055,533",2,1,,,,,,,,,,,,,,,,,,,,,,,,,,,,,,,,,,,,,,,,,,
251,-1,06:57.3,,1392614_1,,,-1,06:57.3,1,,,2,,,0,1,0,,0,,00:00.0,00:00.0,00:00.0,,,,,,,,756,,,1,,,0,1,2,,,,"70,000","70,000",,1,,,"1,059,529",2,1,,,,,,,,,,,,,,,,,,,,,,,,,,,,,,,,,,,,,,,,,,
252,-1,06:57.3,,1392653_1,,,-1,06:57.3,1,,,2,,,0,1,0,,0,,00:00.0,00:00.0,00:00.0,,,,,,,,,,,1,,,6388,1,1,,,,"130,000","121,886",,1,,,"1,053,396",2,1,,,,,,,,,,,,,,,,,,,,,,,,,,,,,,,,,,,,,,,,,,
253,-1,06:57.3,,1392659_1,,,-1,06:57.3,1,,,2,,,0,1,0,,0,,00:00.0,00:00.0,00:00.0,,,,,,,,8635,,,1,,,2817,1,1,,,,"35,975","60,000",,1,,,"1,057,293",2,1,,,,,,,,,,,,,,,,,,,,,,,,,,,,,,,,,,,,,,,,,,
254,-1,06:57.3,,1392669_1,,,-1,06:57.3,1,,,2,,,0,1,0,,0,,00:00.0,,00:00.0,,,,,,,,,,,1,,,,1,2,,,,"63,000","42,513.69",,1,,,"1,059,022",2,1,,,,,,,,,,,,,,,,,,,,,,,,,,,,,,,,,,,,,,,,,,
255,-1,06:57.3,,1392687_1,,,-1,06:57.3,1,,,2,,,0,1,0,,0,,00:00.0,,00:00.0,,,,,,,,,,,1,,,,1,1,,,,"90,000","77,692.75",,1,,,"1,057,789",2,1,,,,,,,,,,,,,,,,,,,,,,,,,,,,,,,,,,,,,,,,,,
256,-1,06:57.3,,1392701_1,,,-1,06:57.3,1,,,2,,,0,1,0,,0,,00:00.0,,00:00.0,,,,,,,,,,,1,,,28655,1,1,,,,"60,000","44,128.16",,1,,,"1,053,748",2,1,,,,,,,,,,,,,,,,,,,,,,,,,,,,,,,,,,,,,,,,,,
257,-1,06:57.3,,1392712_1,,,-1,06:57.3,1,,,2,,,0,1,0,,0,,00:00.0,00:00.0,00:00.0,,,,,,,,10880,,,1,,,1832,1,1,,,,"75,000","53,297.53",,1,,,"1,055,197",2,1,,,,,,,,,,,,,,,,,,,,,,,,,,,,,,,,,,,,,,,,,,
258,-1,06:57.3,,1392747_1,,,-1,06:57.3,1,,,2,,,0,1,0,,0,,00:00.0,,00:00.0,,,,,,,,,,,1,,,,1,1,,,,"100,978.63","90,000",,1,,,"1,053,886",2,1,,,,,,,,,,,,,,,,,,,,,,,,,,,,,,,,,,,,,,,,,,
259,-1,06:57.3,,1392752_1,,,-1,06:57.3,1,,,2,,,0,1,0,,0,,00:00.0,,00:00.0,,,,,,,,,,,1,,,2333,1,1,,,,"50,000","30,890.35",,1,,,"1,056,971",2,1,,,,,,,,,,,,,,,,,,,,,,,,,,,,,,,,,,,,,,,,,,
260,-1,06:57.3,,1392795_1,,,-1,06:57.3,1,,,2,,,0,1,0,,0,,00:00.0,,00:00.0,,,,,,,,,,,1,,,,1,1,,,,"40,000","32,238.56",,1,,,"1,052,304",2,1,,,,,,,,,,,,,,,,,,,,,,,,,,,,,,,,,,,,,,,,,,
261,-1,06:57.3,,1392915_1,,,-1,06:57.3,1,,,2,,,0,1,0,,0,,00:00.0,00:00.0,00:00.0,,,,,,,,84097,,,1,,,25199,1,2,,,,"60,000","39,534",,1,,,"1,058,973",2,1,,,,,,,,,,,,,,,,,,,,,,,,,,,,,,,,,,,,,,,,,,
262,-1,06:57.3,,1392975_1,,,-1,06:57.3,1,,,2,,,0,1,1,,0,,00:00.0,00:00.0,00:00.0,,,,00:00.0,,,,151346,,,1,,,32019,1,1,,,,"150,000","143,579.88",,1,,,"1,059,133",2,1,,,,,,,,,,,,,,,,,,,,,,,,,,,,,,,,,,,,,,,,,,
263,-1,06:57.3,,1392989_1,,,-1,06:57.3,1,,,2,,,0,1,0,,0,,00:00.0,00:00.0,00:00.0,,,,,,,,1070,,,1,,,6295,1,2,,,,"100,000","72,459.41",,1,,,"1,053,016",2,1,,,,,,,,,,,,,,,,,,,,,,,,,,,,,,,,,,,,,,,,,,
264,-1,06:57.3,,1393011_1,,,-1,06:57.3,1,,,2,,,0,1,1,,0,,00:00.0,00:00.0,00:00.0,,,,00:00.0,,,,18931,,,1,,,4806,1,1,,,,"154,937.07","77,468.53",,1,,,"1,053,187",1,1,,,,,,,,,,,,,,,,,,,,,,,,,,,,,,,,,,,,,,,,,,
265,-1,06:57.3,,1393045_1,,,-1,06:57.3,1,,,2,,,0,1,0,,0,,00:00.0,,00:00.0,,,,,,,,,,,1,,,,1,1,,,,"150,000","82,000",,1,,,"1,054,406",2,1,,,,,,,,,,,,,,,,,,,,,,,,,,,,,,,,,,,,,,,,,,
266,-1,06:57.3,,1393055_1,,,-1,06:57.3,1,,,2,,,0,1,0,,0,,00:00.0,00:00.0,00:00.0,,,,,,,,2333,,,1,,,319,1,2,,,,"17,500","11,350.55",,1,,,"1,060,576",2,1,,,,,,,,,,,,,,,,,,,,,,,,,,,,,,,,,,,,,,,,,,
267,-1,06:57.3,,1393059_1,,,-1,06:57.3,1,,,2,,,0,1,0,,0,,00:00.0,,00:00.0,,,,,,,,,,,1,,,,1,1,,,,"123,000","90,722.61",,1,,,"1,054,530",2,1,,,,,,,,,,,,,,,,,,,,,,,,,,,,,,,,,,,,,,,,,,
268,-1,06:57.3,,1393065_1,,,-1,06:57.3,1,,,2,,,0,1,0,,0,,00:00.0,00:00.0,00:00.0,,,,,,,,7680,,,1,,,1286,1,2,,,,"160,441.86","105,441.86",,1,,,"1,053,414",2,1,,,,,,,,,,,,,,,,,,,,,,,,,,,,,,,,,,,,,,,,,,
269,-1,06:57.3,,1393098_1,,,-1,06:57.3,1,,,2,,,0,1,0,,0,,00:00.0,,00:00.0,,,,,,,,,,,1,,,,1,1,,,,"60,000","42,336",,1,,,"1,058,737",2,1,,,,,,,,,,,,,,,,,,,,,,,,,,,,,,,,,,,,,,,,,,
270,"1,362",26:39.0,,1393163_1,,,-1,06:57.3,1,,,2,,,0,1,0,,0,,00:00.0,,00:00.0,,,,,,,,,,,1,,,499,1,1,,,,"58,758.69","49,193.69",,2,,,"1,052,218",2,1,,,,,,,,,,,,,,,,,,,,,,,,,,,,,,,,,,,,,,,,,,
271,-1,06:57.3,,1393201_1,,,-1,06:57.3,1,,,2,,,0,1,0,,0,,00:00.0,00:00.0,00:00.0,,,,,,,,133634,,,1,,,18824,1,2,,,,"50,000","32,048.13",,1,,,"1,053,486",2,1,,,,,,,,,,,,,,,,,,,,,,,,,,,,,,,,,,,,,,,,,,
272,-1,06:57.3,,1393213_1,,,-1,06:57.3,1,,,2,,,0,1,0,,0,,00:00.0,,00:00.0,,,,,,,,,,,1,,,5868,1,1,,,,"180,000","155,216.73",,1,,,"1,054,651",2,1,,,,,,,,,,,,,,,,,,,,,,,,,,,,,,,,,,,,,,,,,,
273,-1,06:57.3,,1393267_1,,,-1,06:57.3,1,,,2,,,0,1,0,,0,,00:00.0,00:00.0,00:00.0,,,,,,,,15688,,,1,,,1468,1,1,,,,"170,000","127,315.92",,1,,,"1,056,544",2,1,,,,,,,,,,,,,,,,,,,,,,,,,,,,,,,,,,,,,,,,,,
274,-1,06:57.3,,1393330_1,,,-1,06:57.3,1,,,2,,,0,1,0,,0,,00:00.0,00:00.0,00:00.0,,,,,,,,87620,,,1,,,12189,1,2,,,,"71,500","35,735.35",,1,,,"1,056,700",2,1,,,,,,,,,,,,,,,,,,,,,,,,,,,,,,,,,,,,,,,,,,
275,-1,06:57.3,,1393332_1,,,-1,06:57.3,1,,,2,,,0,1,0,,0,,00:00.0,00:00.0,00:00.0,,,,,,,,30579,,,1,,,3005,1,1,,,,"65,000","59,807.73",,1,,,"1,055,033",2,1,,,,,,,,,,,,,,,,,,,,,,,,,,,,,,,,,,,,,,,,,,
276,-1,06:57.3,,1393335_1,,,-1,06:57.3,1,,,2,,,0,1,0,,0,,00:00.0,,00:00.0,,,,,,,,,,,1,,,,1,1,,,,"70,000","42,560",,1,,,"1,058,802",2,1,,,,,,,,,,,,,,,,,,,,,,,,,,,,,,,,,,,,,,,,,,
277,-1,06:57.3,,1393356_1,,,-1,06:57.3,1,,,2,,,0,1,0,,0,,00:00.0,,00:00.0,,,,,,,,,,,1,,,,1,1,,,,"65,000","38,493.48",,1,,,"1,053,176",2,1,,,,,,,,,,,,,,,,,,,,,,,,,,,,,,,,,,,,,,,,,,
278,-1,06:57.3,,1393357_1,,,-1,06:57.3,1,,,2,,,0,1,1,,0,,00:00.0,00:00.0,00:00.0,,,,00:00.0,,,,31196,,,1,,,6876,1,1,,,,"86,764.76","75,460.30",,1,,,"1,054,577",2,1,,,,,,,,,,,,,,,,,,,,,,,,,,,,,,,,,,,,,,,,,,
279,-1,06:57.3,,1393362_1,,,-1,06:57.3,1,,,2,,,0,1,0,,0,,00:00.0,00:00.0,00:00.0,,,,,,,,142448,,,1,,,8131,1,2,,,,"50,000","31,458.46",,1,,,"1,053,230",2,1,,,,,,,,,,,,,,,,,,,,,,,,,,,,,,,,,,,,,,,,,,
280,-1,06:57.3,,1393362_2,,,-1,06:57.3,1,,,2,,,0,1,0,,0,,00:00.0,00:00.0,00:00.0,,,,,,,,38853,,,1,,,19143,1,2,,,,"62,000","50,526.41",,1,,,"1,053,230",2,1,,,,,,,,,,,,,,,,,,,,,,,,,,,,,,,,,,,,,,,,,,
281,-1,06:57.3,,1393378_1,,,-1,06:57.3,1,,,2,,,0,1,0,,0,,00:00.0,,00:00.0,,,,,,,,,,,1,,,,1,1,,,,"18,350","10,845.59",,1,,,"1,054,284",2,1,,,,,,,,,,,,,,,,,,,,,,,,,,,,,,,,,,,,,,,,,,
282,-1,06:57.3,,1393390_1,,,-1,06:57.3,1,,,2,,,0,1,0,,0,,00:00.0,,00:00.0,,,,,,,,,,,1,,,,1,1,,,,"55,000","35,766.69",,1,,,"1,053,042",2,1,,,,,,,,,,,,,,,,,,,,,,,,,,,,,,,,,,,,,,,,,,
283,-1,06:57.3,,1393415_1,,,-1,06:57.3,1,,,2,,,0,1,0,,0,,00:00.0,00:00.0,00:00.0,,,,,,,,4352,,,1,,,372,1,1,,,,"110,000","81,599.83",,1,,,"1,052,360",2,1,,,,,,,,,,,,,,,,,,,,,,,,,,,,,,,,,,,,,,,,,,
284,-1,06:57.3,,1393437_1,,,-1,06:57.3,1,,,2,,,0,1,0,,0,,00:00.0,00:00.0,00:00.0,,,,,,,,53968,,,1,,,11957,1,1,,,,"195,000","130,000",,1,,,"1,057,378",2,1,,,,,,,,,,,,,,,,,,,,,,,,,,,,,,,,,,,,,,,,,,
285,-1,06:57.3,,1393475_1,,,-1,06:57.3,1,,,2,,,0,1,0,,0,,00:00.0,00:00.0,00:00.0,,,,,,,,22536,,,1,,,3345,1,2,,,,"50,000","38,742.69",,1,,,"1,052,057",2,1,,,,,,,,,,,,,,,,,,,,,,,,,,,,,,,,,,,,,,,,,,
286,-1,06:57.3,,1393542_1,,,-1,06:57.3,1,,,2,,,0,1,0,,0,,00:00.0,,00:00.0,,,,,,,,,,,1,,,6933,1,1,,,,"67,669.97","56,216.97",,1,,,"1,052,220",2,1,,,,,,,,,,,,,,,,,,,,,,,,,,,,,,,,,,,,,,,,,,
287,-1,06:57.3,,1393587_1,,,-1,06:57.3,1,,,2,,,0,1,0,,0,,00:00.0,,00:00.0,,,,,,,,,,,1,,,274,1,1,,,,"100,000","392,323.84",,1,,,"1,052,450",2,1,,,,,,,,,,,,,,,,,,,,,,,,,,,,,,,,,,,,,,,,,,
288,-1,06:57.3,,1393592_1,,,-1,06:57.3,1,,,2,,,0,1,0,,0,,00:00.0,00:00.0,00:00.0,,,,,,,,640,,,1,,,51,1,2,,,,"50,000","50,000",,1,,,"1,057,258",2,1,,,,,,,,,,,,,,,,,,,,,,,,,,,,,,,,,,,,,,,,,,
289,-1,06:57.3,,1393618_1,,,-1,06:57.3,1,,,2,,,0,1,1,,0,,00:00.0,,00:00.0,,,,,,,,,,,1,,,,1,2,,,,"200,000","174,087.71",,1,"1,481,656",,"1,060,639",2,1,,,,,,,,,,,,,,,,,,,,,,,,,,,,,,,,,,,,,,,,,,
290,-1,06:57.3,,1393626_1,,,-1,06:57.3,1,,,2,,,0,1,0,,0,,00:00.0,,00:00.0,,,,,,,,,,,1,,,,1,1,,,,"114,503.32","105,503.22",,1,,,"1,060,225",2,1,,,,,,,,,,,,,,,,,,,,,,,,,,,,,,,,,,,,,,,,,,
291,-1,06:57.3,,1393667_1,,,-1,06:57.3,1,,,1,,,,,,,0,,00:00.0,,,,,,,,,0,,,,0,0,,,1,0,,0,,"80,000",,,1,"1,481,657",,"1,060,883",,3,,,,,,,,,,,,,,,,,,,,,,,,,,,,,,,,,,,,,,,,,,
292,-1,06:57.3,,1393676_1,,,-1,06:57.3,1,,,2,,,0,1,0,,0,,00:00.0,00:00.0,00:00.0,,,,,,,,,,,1,,,8250,1,1,,,,"550,000","400,000",,1,"1,481,658",,"1,056,280",2,1,,,,,,,,,,,,,,,,,,,,,,,,,,,,,,,,,,,,,,,,,,
293,-1,06:57.3,,1393676_2,,,-1,06:57.3,1,,,2,,,0,1,0,,0,,00:00.0,00:00.0,00:00.0,,,,,,,,,,,1,,,12268,1,1,,,,"175,000","10,973,188",,1,"1,481,659",,"1,056,280",2,1,,,,,,,,,,,,,,,,,,,,,,,,,,,,,,,,,,,,,,,,,,
294,-1,06:57.3,,1393695_1,,,-1,06:57.3,1,,,2,,,0,1,0,,0,,00:00.0,,00:00.0,,,,,,,,,,,1,,,204,1,1,,,,"120,000","119,672.27",,1,,,"1,053,928",2,1,,,,,,,,,,,,,,,,,,,,,,,,,,,,,,,,,,,,,,,,,,
295,-1,06:57.3,,1393697_1,,,-1,06:57.3,1,,,2,,,0,1,0,,0,,00:00.0,00:00.0,00:00.0,,,,,,,,19150,,,1,,,2910,1,2,,,,"50,000","47,377.19",,1,,,"1,056,484",2,1,,,,,,,,,,,,,,,,,,,,,,,,,,,,,,,,,,,,,,,,,,
296,-1,06:57.3,,1393701_1,,,-1,06:57.3,1,,,2,,,0,1,0,,0,,00:00.0,,00:00.0,,,,,,,,,,,1,,,571,1,1,,,,"70,000","73,980.80",,1,,,"1,051,996",2,1,,,,,,,,,,,,,,,,,,,,,,,,,,,,,,,,,,,,,,,,,,
297,-1,06:57.3,,1393713_1,,,-1,06:57.3,1,,,2,,,0,1,0,,0,,00:00.0,00:00.0,00:00.0,,,,,,,,86352,,,1,,,12025,1,2,,,,"134,673.20","1,317,825.07",,1,,,"1,058,117",2,1,,,,,,,,,,,,,,,,,,,,,,,,,,,,,,,,,,,,,,,,,,
298,-1,06:57.3,,1393743_1,,,-1,06:57.3,1,,,2,,,0,1,0,,0,,00:00.0,00:00.0,00:00.0,,,,,,,,,,,1,,,11109,1,1,,,,"71,182.54","98,700",,1,,,"1,056,764",2,1,,,,,,,,,,,,,,,,,,,,,,,,,,,,,,,,,,,,,,,,,,
299,"1,638",27:35.1,,1393761_1,,,-1,06:57.3,1,,,2,,,0,0,0,,0,,,00:00.0,,,,00:00.0,,,00:00.0,,,,,0,,6107,1077,1,1,,,,"110,000","62,995",,7,,,"1,057,377",2,1,,,,,,,,,,,,,,,,,,,,,,,,,,,,,,,,,,,,,,,,,,
300,-1,06:57.3,,1393792_1,,,-1,06:57.3,1,,,2,,,0,1,0,,0,,00:00.0,,00:00.0,,,,,,,,,,,1,,,2377,1,1,,,,"105,000","74,815.89",,1,,,"1,055,538",2,1,,,,,,,,,,,,,,,,,,,,,,,,,,,,,,,,,,,,,,,,,,
301,"1,638",05:48.5,,1393795_1,,,-1,06:57.3,1,,,2,,,0,1,1,,0,,00:00.0,00:00.0,00:00.0,,,00:00.0,00:00.0,,00:00.0,,15531,,,1,,,3107,1,1,,,,"52,881.59","50,000",,4,,,"1,059,426",2,1,,,,,,,,,,,,,,,,,,,,,,,,,,,,,,,,,,,,,,,,,,
302,-1,06:57.3,,1393797_1,,,-1,06:57.3,1,,,2,,,0,1,0,,0,,00:00.0,00:00.0,00:00.0,,,,,,,,,,,1,,,3770,1,1,,,,"25,000","20,310",,1,,,"1,060,002",2,1,,,,,,,,,,,,,,,,,,,,,,,,,,,,,,,,,,,,,,,,,,
303,-1,06:57.3,,1393819_1,,,-1,06:57.3,1,,,2,,,0,1,0,,0,,00:00.0,,00:00.0,,,,,,,,,,,1,,,1619,1,1,,,,"100,000","64,326.33",,1,,,"1,053,385",2,1,,,,,,,,,,,,,,,,,,,,,,,,,,,,,,,,,,,,,,,,,,
304,-1,06:57.3,,1393888_1,,,-1,06:57.3,1,,,2,,,0,1,0,,0,,00:00.0,,00:00.0,,,,,,,,,,,1,,,,1,1,,,,"260,000","168,737.33",,1,,,"1,052,067",2,1,,,,,,,,,,,,,,,,,,,,,,,,,,,,,,,,,,,,,,,,,,
305,-1,06:57.3,,1393898_1,,,-1,06:57.3,1,,,2,,,0,1,0,,0,,00:00.0,00:00.0,00:00.0,,,,,,,,10986,,,1,,,1755,1,1,,,,"54,305.97","46,381.39",,1,,,"1,059,764",2,1,,,,,,,,,,,,,,,,,,,,,,,,,,,,,,,,,,,,,,,,,,
306,-1,06:57.3,,1393908_1,,,-1,06:57.3,1,,,2,,,0,1,0,,0,,00:00.0,00:00.0,00:00.0,,,,,,,,,,,1,,,4591,1,1,,,,"164,000","126,542",,1,,,"1,057,508",2,1,,,,,,,,,,,,,,,,,,,,,,,,,,,,,,,,,,,,,,,,,,
307,-1,06:57.3,,1393932_1,,,-1,06:57.3,1,,,2,,,0,1,0,,0,,00:00.0,00:00.0,00:00.0,,,,,,,,,,,1,,,6262,1,1,,,,"65,000","48,000",,1,,,"1,058,651",2,1,,,,,,,,,,,,,,,,,,,,,,,,,,,,,,,,,,,,,,,,,,
308,-1,06:57.3,,1393942_1,,,-1,06:57.3,1,,,2,,,0,1,0,,0,,00:00.0,00:00.0,00:00.0,,,,,,,,,,,1,,,2505,1,1,,,,"50,000","46,000",,1,,,"1,058,582",2,1,,,,,,,,,,,,,,,,,,,,,,,,,,,,,,,,,,,,,,,,,,
309,-1,06:57.3,,1393975_1,,,-1,06:57.3,1,,,2,,,0,1,1,,0,,00:00.0,,00:00.0,,,,00:00.0,,,,,,,1,,,,1,1,,,,"100,000","77,468.54",,1,,,"1,060,175",2,1,,,,,,,,,,,,,,,,,,,,,,,,,,,,,,,,,,,,,,,,,,
310,-1,06:57.3,,1393988_1,,,-1,06:57.3,1,,,2,,,0,1,0,,0,,00:00.0,00:00.0,00:00.0,,,,,,,,,,,1,,,10266,1,1,,,,"150,000","88,000",,1,,,"1,053,109",2,1,,,,,,,,,,,,,,,,,,,,,,,,,,,,,,,,,,,,,,,,,,
311,-1,06:57.3,,1393988_2,,,-1,06:57.3,1,,,2,,,0,1,0,,0,,00:00.0,,00:00.0,,,,,,,,,,,1,,,,1,1,,,,"600,000","507,748.61",,1,"1,481,660",,"1,053,109",2,1,,,,,,,,,,,,,,,,,,,,,,,,,,,,,,,,,,,,,,,,,,
312,-1,06:57.3,,1394005_1,,,-1,06:57.3,1,,,2,,,0,1,0,,0,,00:00.0,00:00.0,00:00.0,,,,,,,,9655,,,1,,,1122,1,1,,,,"130,000","95,189.37",,1,,,"1,057,037",2,1,,,,,,,,,,,,,,,,,,,,,,,,,,,,,,,,,,,,,,,,,,
313,-1,06:57.3,,1394018_1,,,-1,06:57.3,1,,,2,,,0,1,0,,0,,00:00.0,,00:00.0,,,,,,,,,,,1,,,15851,1,1,,,,"40,000","33,530.20",,1,,,"1,054,024",2,1,,,,,,,,,,,,,,,,,,,,,,,,,,,,,,,,,,,,,,,,,,
314,-1,06:57.3,,1394036_1,,,-1,06:57.3,1,,,2,,,0,1,0,,0,,00:00.0,00:00.0,00:00.0,,,,,,,,28253,,,1,,,2455,1,1,,,,"95,000","64,853.25",,1,,,"1,057,487",2,1,,,,,,,,,,,,,,,,,,,,,,,,,,,,,,,,,,,,,,,,,,
315,"1,638",11:19.7,,1394062_1,,,-1,06:57.3,1,,,2,,,0,1,0,,0,,00:00.0,00:00.0,00:00.0,,,00:00.0,,,00:00.0,,7915,,,1,,,751,1,2,,,,"50,000","45,081.74",,2,,,"1,052,585",2,1,,,,,,,,,,,,,,,,,,,,,,,,,,,,,,,,,,,,,,,,,,
316,-1,06:57.3,,1394077_1,,,-1,06:57.3,1,,,2,,,0,1,1,,0,,00:00.0,00:00.0,00:00.0,,,,00:00.0,,,,15730,,,1,,,2414,1,1,,,,"200,000","124,332.23",,1,,,"1,060,551",2,1,,,,,,,,,,,,,,,,,,,,,,,,,,,,,,,,,,,,,,,,,,
317,-1,06:57.3,,1394077_2,,,-1,06:57.3,1,,,2,,,0,1,1,,0,,00:00.0,00:00.0,00:00.0,,,,00:00.0,,,,15730,,,1,,,2414,1,1,,,,"200,000","124,332.23",,1,,,"1,060,551",2,1,,,,,,,,,,,,,,,,,,,,,,,,,,,,,,,,,,,,,,,,,,
318,-1,06:57.3,,1394093_1,,,-1,06:57.3,1,,,2,,,0,1,0,,0,,00:00.0,,00:00.0,,,,,,,,,,,1,,,706,1,1,,,,"50,000","43,271",,1,,,"1,052,496",2,1,,,,,,,,,,,,,,,,,,,,,,,,,,,,,,,,,,,,,,,,,,
319,-1,06:57.3,,1394129_1,,,-1,06:57.3,1,,,2,,,0,1,0,,0,,00:00.0,00:00.0,00:00.0,,,,,,,,4835,,,1,,,440,1,1,,,,"120,000","84,740.14",,1,,,"1,056,387",2,1,,,,,,,,,,,,,,,,,,,,,,,,,,,,,,,,,,,,,,,,,,
320,-1,06:57.3,,1394129_2,,,-1,06:57.3,1,,,2,,,0,1,0,,0,,00:00.0,00:00.0,00:00.0,,,,,,,,2969,,,1,,,252,1,1,,,,"106,316.84","53,158.42",,1,,,"1,056,387",3,1,,,,,,,,,,,,,,,,,,,,,,,,,,,,,,,,,,,,,,,,,,
321,-1,06:57.3,,1394132_1,,,-1,06:57.3,1,,,2,,,0,1,0,,0,,00:00.0,00:00.0,00:00.0,,,,,,,,,,,1,,,7206,1,1,,,,"89,404.69","120,000",,1,,,"1,057,586",2,1,,,,,,,,,,,,,,,,,,,,,,,,,,,,,,,,,,,,,,,,,,
322,-1,06:57.3,,1394157_1,,,-1,06:57.3,1,,,2,,,0,1,0,,0,,00:00.0,00:00.0,00:00.0,,,,,,,,37900,,,1,,,2798,1,1,,,,"61,052.89","95,000",,1,,,"1,058,349",2,1,,,,,,,,,,,,,,,,,,,,,,,,,,,,,,,,,,,,,,,,,,
323,-1,06:57.3,,1394231_1,,,-1,06:57.3,1,,,2,,,0,1,0,,0,,00:00.0,,00:00.0,,,,,,,,,,,1,,,,1,1,,,,"170,000","91,645.76",,1,,,"1,059,644",2,1,,,,,,,,,,,,,,,,,,,,,,,,,,,,,,,,,,,,,,,,,,
324,-1,06:57.3,,1394287_1,,,-1,06:57.3,1,,,2,,,0,1,0,,0,,00:00.0,00:00.0,00:00.0,,,,,,,,,,,1,,,20643,1,1,,,,"110,854.38","72,524.65",,1,,,"1,052,207",2,1,,,,,,,,,,,,,,,,,,,,,,,,,,,,,,,,,,,,,,,,,,
325,-1,06:57.3,,1394300_1,,,-1,06:57.3,1,,,2,,,0,1,0,,0,,00:00.0,,00:00.0,,,,,,,,,,,1,,,568,1,1,,,,"70,000","57,685.67",,1,,,"1,053,340",2,1,,,,,,,,,,,,,,,,,,,,,,,,,,,,,,,,,,,,,,,,,,
326,-1,06:57.3,,1394328_1,,,-1,06:57.3,1,,,2,,,0,1,0,,0,,00:00.0,00:00.0,00:00.0,,,,,,,,,,,1,,,4187,1,1,,,,"45,000","28,000",,1,,,"1,056,436",2,1,,,,,,,,,,,,,,,,,,,,,,,,,,,,,,,,,,,,,,,,,,
327,-1,06:57.3,,1394337_1,,,-1,06:57.3,1,,,2,,,0,1,0,,0,,00:00.0,00:00.0,00:00.0,,,,,,,,647,,,1,,,5847,1,2,,,,"90,000","50,340.50",,1,,,"1,057,654",2,1,,,,,,,,,,,,,,,,,,,,,,,,,,,,,,,,,,,,,,,,,,
328,-1,06:57.3,,1394342_1,,,-1,06:57.3,1,,,2,,,0,1,0,,0,,00:00.0,00:00.0,00:00.0,,,,,,,,22238,,,1,,,4532,1,1,,,,"125,000","111,000",,1,,,"1,059,899",2,1,,,,,,,,,,,,,,,,,,,,,,,,,,,,,,,,,,,,,,,,,,
329,-1,06:57.3,,1394401_1,,,-1,06:57.3,1,,,2,,,0,1,0,,0,,00:00.0,,00:00.0,,,,,,,,,,,1,,,,1,1,,,,"70,000","35,000",,1,,,"1,057,747",2,1,,,,,,,,,,,,,,,,,,,,,,,,,,,,,,,,,,,,,,,,,,
330,"1,362",48:34.5,,1394402_1,,,-1,06:57.3,1,,,2,,,0,1,0,,0,,00:00.0,,00:00.0,,,,,,,,,,,1,,,844,1,1,,,,"95,000","78,199.09",,5,,,"1,052,232",2,1,,,,,,,,,,,,,,,,,,,,,,,,,,,,,,,,,,,,,,,,,,
331,-1,06:57.3,,1394447_1,,,-1,06:57.3,1,,,2,,,0,1,0,,0,,00:00.0,00:00.0,00:00.0,,,,,,,,13277,,,1,,,3486,1,2,,,,"150,000","75,000",,1,,,"1,056,889",2,1,,,,,,,,,,,,,,,,,,,,,,,,,,,,,,,,,,,,,,,,,,
332,-1,06:57.3,,1394447_2,,,-1,06:57.3,1,,,2,,,0,1,0,,0,,00:00.0,00:00.0,00:00.0,,,,,,,,43926,,,1,,,12904,1,2,,,,"45,000","2,560,527",,1,,,"1,056,889",2,1,,,,,,,,,,,,,,,,,,,,,,,,,,,,,,,,,,,,,,,,,,
333,-1,06:57.3,,1394457_1,,,-1,06:57.3,1,,,2,,,0,1,0,,0,,00:00.0,,00:00.0,,,,,,,,,,,1,,,1386,1,1,,,,"50,000","38,727.45",,1,,,"1,052,420",2,1,,,,,,,,,,,,,,,,,,,,,,,,,,,,,,,,,,,,,,,,,,
334,-1,06:57.3,,1394462_1,,,-1,06:57.3,1,,,2,,,0,1,1,,0,,00:00.0,00:00.0,00:00.0,,,,00:00.0,,,,10131,,,1,,,1775,1,1,,,,"63,335.12","50,647.43",,1,,,"1,055,282",2,1,,,,,,,,,,,,,,,,,,,,,,,,,,,,,,,,,,,,,,,,,,
335,-1,06:57.3,,1394469_1,,,-1,06:57.3,1,,,2,,,0,1,0,,0,,00:00.0,00:00.0,00:00.0,,,,,,,,,,,1,,,22727,1,1,,,,"41,600","28,569.93",,1,,,"1,057,241",2,1,,,,,,,,,,,,,,,,,,,,,,,,,,,,,,,,,,,,,,,,,,
336,-1,06:57.3,,1394578_1,,,-1,06:57.3,1,,,2,,,0,1,0,,0,,00:00.0,00:00.0,00:00.0,,,,,,,,,,,1,,,7121,1,1,,,,"160,000","102,187.12",,1,,,"1,052,550",2,1,,,,,,,,,,,,,,,,,,,,,,,,,,,,,,,,,,,,,,,,,,
337,-1,06:57.3,,1394602_1,,,-1,06:57.3,1,,,2,,,0,1,0,,0,,00:00.0,,00:00.0,,,,,,,,,,,1,,,2277,1,1,,,,"50,000","38,376.81",,1,,,"1,054,162",2,1,,,,,,,,,,,,,,,,,,,,,,,,,,,,,,,,,,,,,,,,,,
338,-1,06:57.3,,1394602_2,,,-1,06:57.3,1,,,2,,,0,1,0,,0,,00:00.0,,00:00.0,,,,,,,,,,,1,,,2278,1,1,,,,"60,000","45,922.39",,1,,,"1,054,162",2,1,,,,,,,,,,,,,,,,,,,,,,,,,,,,,,,,,,,,,,,,,,
339,-1,06:57.3,,1394621_1,,,-1,06:57.3,1,,,2,,,0,1,0,,0,,00:00.0,,00:00.0,,,,,,,,,,,1,,,583,1,1,,,,"56,334.65","34,261.60",,1,,,"1,053,070",2,1,,,,,,,,,,,,,,,,,,,,,,,,,,,,,,,,,,,,,,,,,,
340,-1,06:57.3,,1394640_1,,,-1,06:57.3,1,,,2,,,0,1,0,,0,,00:00.0,,00:00.0,,,,,,,,,,,1,,,,1,1,,,,"90,000","80,787.17",,1,,,"1,055,506",2,1,,,,,,,,,,,,,,,,,,,,,,,,,,,,,,,,,,,,,,,,,,
341,-1,06:57.3,,1394657_1,,,-1,06:57.3,1,,,2,,,0,1,0,,0,,00:00.0,,00:00.0,,,,,,,,,,,1,,,975,1,1,,,,"43,000","30,430.99",,1,,,"1,059,981",2,1,,,,,,,,,,,,,,,,,,,,,,,,,,,,,,,,,,,,,,,,,,
342,-1,06:57.3,,1394669_1,,,-1,06:57.3,1,,,2,,,0,1,0,,0,,00:00.0,00:00.0,00:00.0,,,,,,,,6243,,,1,,,1124,1,1,,,,"38,558.72","40,000",,1,,,"1,056,110",2,1,,,,,,,,,,,,,,,,,,,,,,,,,,,,,,,,,,,,,,,,,,
343,-1,06:57.3,,1394690_1,,,-1,06:57.3,1,,,2,,,0,1,0,,0,,00:00.0,00:00.0,00:00.0,,,,,,,,19343,,,1,,,1581,1,1,,,,"45,000","36,969.91",,1,,,"1,052,774",2,1,,,,,,,,,,,,,,,,,,,,,,,,,,,,,,,,,,,,,,,,,,
344,-1,06:57.3,,1394707_1,,,-1,06:57.3,1,,,2,,,0,1,0,,0,,00:00.0,00:00.0,00:00.0,,,,,,,,,,,1,,,4589,1,1,,,,"85,715.06","85,715.06",,1,,,"1,057,459",2,1,,,,,,,,,,,,,,,,,,,,,,,,,,,,,,,,,,,,,,,,,,
346,-1,06:57.3,,1394772_1,,,-1,06:57.3,1,,,2,,,0,1,0,,0,,00:00.0,00:00.0,00:00.0,,,,,,,,,,,1,,,9817,1,1,,,,"52,000","36,307.65",,1,,,"1,054,030",2,1,,,,,,,,,,,,,,,,,,,,,,,,,,,,,,,,,,,,,,,,,,
347,"1,638",16:53.3,,1394808_1,,,-1,06:57.3,1,,,2,,,0,0,0,,0,,,,,,,00:00.0,,,00:00.0,,,,,0,,14822,3207,1,1,,,,"75,000","60,000",,3,,,"1,054,077",2,1,,,,,,,,,,,,,,,,,,,,,,,,,,,,,,,,,,,,,,,,,,
348,-1,06:57.3,,1394833_1,,,-1,06:57.3,1,,,2,,,0,1,0,,0,,00:00.0,,00:00.0,,,,,,,,,,,1,,,2391,1,1,,,,"31,000","31,000",,1,,,"1,055,151",2,1,,,,,,,,,,,,,,,,,,,,,,,,,,,,,,,,,,,,,,,,,,
349,-1,06:57.3,,1394845_1,,,-1,06:57.3,1,,,2,,,0,1,0,,0,,00:00.0,,00:00.0,,,,,,,,,,,1,,,,1,1,,,,"84,000","64,925.93",,1,,,"1,053,957",2,1,,,,,,,,,,,,,,,,,,,,,,,,,,,,,,,,,,,,,,,,,,
350,-1,06:57.3,,1394864_1,,,-1,06:57.3,1,,,2,,,0,1,0,,0,,00:00.0,00:00.0,00:00.0,,,,,,,,4688,,,1,,,328,1,1,,,,"50,000","36,676.08",,1,,,"1,052,212",2,1,,,,,,,,,,,,,,,,,,,,,,,,,,,,,,,,,,,,,,,,,,
351,-1,06:57.3,,1394920_1,,,-1,06:57.3,1,,,2,,,0,1,0,,0,,00:00.0,00:00.0,00:00.0,,,,,,,,15683,,,1,,,1744,1,2,,,,"120,000","120,000",,1,,,"1,058,252",2,1,,,,,,,,,,,,,,,,,,,,,,,,,,,,,,,,,,,,,,,,,,
352,-1,06:57.3,,1395057_1,,,-1,06:57.3,1,,,2,,,0,1,0,,0,,00:00.0,,00:00.0,,,,,,,,,,,1,,,,1,1,,,,"200,000","139,561.27",,1,,,"1,056,449",2,1,,,,,,,,,,,,,,,,,,,,,,,,,,,,,,,,,,,,,,,,,,
353,-1,06:57.3,,1395097_1,,,-1,06:57.3,1,,,2,,,0,1,0,,0,,00:00.0,,00:00.0,,,,,,,,,,,1,,,692,1,1,,,,"60,000","37,500",,1,,,"1,054,113",2,1,,,,,,,,,,,,,,,,,,,,,,,,,,,,,,,,,,,,,,,,,,
354,-1,06:57.3,,1395141_1,,,-1,06:57.3,1,,,2,,,0,1,0,,0,,00:00.0,00:00.0,00:00.0,,,,,,,,,,,1,,,975,1,1,,,,"100,000","62,128",,1,,,"1,058,912",2,1,,,,,,,,,,,,,,,,,,,,,,,,,,,,,,,,,,,,,,,,,,
355,-1,06:57.3,,1395157_1,,,-1,06:57.3,1,,,2,,,0,1,1,,0,,00:00.0,00:00.0,00:00.0,,,,00:00.0,,,,5200,,,1,,,1323,1,1,,,,"100,000","62,282.07",,1,,,"1,058,299",2,1,,,,,,,,,,,,,,,,,,,,,,,,,,,,,,,,,,,,,,,,,,
356,-1,06:57.3,,1395175_1,,,-1,06:57.3,1,,,2,,,0,1,0,,0,,00:00.0,00:00.0,00:00.0,,,,,,,,4107,,,1,,,740,1,1,,,,"50,000","34,049.42",,1,,,"1,060,580",2,1,,,,,,,,,,,,,,,,,,,,,,,,,,,,,,,,,,,,,,,,,,
357,-1,06:57.3,,1395177_1,,,-1,06:57.3,1,,,2,,,0,1,0,,0,,00:00.0,00:00.0,00:00.0,,,,,,,,132737,,,1,,,25699,1,2,,,,"35,000","25,059.10",,1,,,"1,053,174",2,1,,,,,,,,,,,,,,,,,,,,,,,,,,,,,,,,,,,,,,,,,,
358,-1,06:57.3,,1395181_1,,,-1,06:57.3,1,,,2,,,0,1,0,,0,,00:00.0,,00:00.0,,,,,,,,,,,1,,,5734,1,1,,,,"100,000","77,078.55",,1,,,"1,055,649",2,1,,,,,,,,,,,,,,,,,,,,,,,,,,,,,,,,,,,,,,,,,,
359,-1,06:57.3,,1395197_1,,,-1,06:57.3,1,,,2,,,0,1,0,,0,,00:00.0,00:00.0,00:00.0,,,,,,,,15683,,,1,,,1744,1,2,,,,"120,000","120,000",,1,,,"1,059,179",2,1,,,,,,,,,,,,,,,,,,,,,,,,,,,,,,,,,,,,,,,,,,
360,-1,06:57.3,,1395225_1,,,-1,06:57.3,1,,,2,,,0,1,0,,0,,00:00.0,00:00.0,00:00.0,,,,,,,,21718,,,1,,,1102,1,1,,,,"90,000","61,294.93",,1,,,"1,053,962",2,1,,,,,,,,,,,,,,,,,,,,,,,,,,,,,,,,,,,,,,,,,,
361,-1,06:57.3,,1395264_1,,,-1,06:57.3,1,,,2,,,0,1,0,,0,,00:00.0,00:00.0,00:00.0,,,,,,,,70885,,,1,,,17571,1,2,,,,"50,000","32,973.30",,1,,,"1,057,913",2,1,,,,,,,,,,,,,,,,,,,,,,,,,,,,,,,,,,,,,,,,,,
362,-1,06:57.3,,1395276_1,,,-1,06:57.3,1,,,2,,,0,1,0,,0,,00:00.0,,00:00.0,,,,,,,,,,,1,,,48,1,1,,,,"180,000","164,888.08",,1,,,"1,056,470",2,1,,,,,,,,,,,,,,,,,,,,,,,,,,,,,,,,,,,,,,,,,,
363,-1,06:57.3,,1395276_2,,,-1,06:57.3,1,,,2,,,0,1,0,,0,,00:00.0,,00:00.0,,,,,,,,,,,1,,,83,1,1,,,,"180,000","176,208.21",,1,,,"1,056,470",2,1,,,,,,,,,,,,,,,,,,,,,,,,,,,,,,,,,,,,,,,,,,
364,-1,06:57.3,,1395329_1,,,-1,06:57.3,1,,,2,,,0,1,0,,0,,00:00.0,00:00.0,00:00.0,,,,,,,,11992,,,1,,,1949,1,1,,,,"135,000","120,310.98",,1,,,"1,053,456",2,1,,,,,,,,,,,,,,,,,,,,,,,,,,,,,,,,,,,,,,,,,,
365,-1,06:57.3,,1395376_1,,,-1,06:57.3,1,,,2,,,0,1,0,,0,,00:00.0,00:00.0,00:00.0,,,,,,,,15961,,,1,,,67730,1,2,,,,"87,139.40","87,139.40",,1,,,"1,054,370",2,1,,,,,,,,,,,,,,,,,,,,,,,,,,,,,,,,,,,,,,,,,,
366,-1,06:57.3,,1395421_1,,,-1,06:57.3,1,,,2,,,0,1,0,,0,,00:00.0,00:00.0,00:00.0,,,,,,,,12749,,,1,,,1201,1,1,,,,"80,000","58,827",,1,,,"1,057,281",2,1,,,,,,,,,,,,,,,,,,,,,,,,,,,,,,,,,,,,,,,,,,
367,-1,06:57.3,,1395422_1,,,-1,06:57.3,1,,,2,,,0,1,0,,0,,00:00.0,00:00.0,00:00.0,,,,,,,,,,,1,,,,1,1,,,,"170,000","133,286.15",,1,,,"1,055,823",2,1,,,,,,,,,,,,,,,,,,,,,,,,,,,,,,,,,,,,,,,,,,
368,-1,06:57.3,,1395422_2,,,-1,06:57.3,1,,,2,,,0,1,0,,0,,00:00.0,,00:00.0,,,,,,,,,,,1,,,,1,1,,,,"320,000","217,901.77",,1,,,"1,055,823",2,1,,,,,,,,,,,,,,,,,,,,,,,,,,,,,,,,,,,,,,,,,,
369,-1,06:57.3,,1395533_1,,,-1,06:57.3,1,,,2,,,0,1,1,,0,,00:00.0,00:00.0,00:00.0,,,,00:00.0,,,,37999,,,1,,,8148,1,1,,,,"32,500","26,323.02",,1,,,"1,059,068",2,1,,,,,,,,,,,,,,,,,,,,,,,,,,,,,,,,,,,,,,,,,,
370,-1,06:57.3,,1395552_1,,,-1,06:57.3,1,,,2,,,0,1,0,,0,,00:00.0,00:00.0,00:00.0,,,,,,,,,,,1,,,1366,1,1,,,,"70,000","48,287.86",,1,,,"1,052,376",2,1,,,,,,,,,,,,,,,,,,,,,,,,,,,,,,,,,,,,,,,,,,
371,-1,06:57.3,,1395591_1,,,-1,06:57.3,1,,,2,,,0,1,0,,0,,00:00.0,00:00.0,00:00.0,,,,,,,,2973,,,1,,,14727,1,1,,,,"45,000","30,000",,1,,,"1,052,724",2,1,,,,,,,,,,,,,,,,,,,,,,,,,,,,,,,,,,,,,,,,,,
372,-1,06:57.3,,1395602_1,,,-1,06:57.3,1,,,2,,,0,1,1,,0,,00:00.0,00:00.0,00:00.0,,,,00:00.0,,,,62006,,,1,,,12535,1,1,,,,"46,176.12","43,240.54",,1,,,"1,059,835",2,1,,,,,,,,,,,,,,,,,,,,,,,,,,,,,,,,,,,,,,,,,,
373,-1,06:57.3,,1395625_1,,,-1,06:57.3,1,,,2,,,0,1,0,,0,,00:00.0,00:00.0,00:00.0,,,,,,,,,,,1,,,412,1,1,,,,"60,000","35,506.80",,1,,,"1,059,236",2,1,,,,,,,,,,,,,,,,,,,,,,,,,,,,,,,,,,,,,,,,,,
374,"1,638",20:27.3,,1395633_1,,,-1,06:57.3,1,,,2,,,0,1,0,,0,,00:00.0,00:00.0,00:00.0,,,00:00.0,,,00:00.0,,,,,1,,,857,1,1,,,,"36,151.98","21,996.86",,2,,,"1,060,407",2,1,,,,,,,,,,,,,,,,,,,,,,,,,,,,,,,,,,,,,,,,,,
375,"1,638",19:43.4,,1395638_1,,,-1,06:57.3,1,,,2,,,0,1,0,,0,,00:00.0,00:00.0,00:00.0,,,,,,,,,,,1,,,3145,1,1,,,,"307,000","190,262",,2,,,"1,055,125",2,1,,,,,,,,,,,,,,,,,,,,,,,,,,,,,,,,,,,,,,,,,,
376,-1,06:57.3,,1395647_1,,,-1,06:57.3,1,,,2,,,0,1,0,,0,,00:00.0,,00:00.0,,,,,,,,,,,1,,,,1,1,,,,"83,000","58,410.86",,1,,,"1,058,210",2,1,,,,,,,,,,,,,,,,,,,,,,,,,,,,,,,,,,,,,,,,,,
377,-1,06:57.3,,1395663_1,,,-1,06:57.3,1,,,2,,,0,1,0,,0,,00:00.0,00:00.0,00:00.0,,,,,,,,,,,1,,,2742,1,1,,,,"140,000","74,027.78",,1,,,"1,059,628",2,1,,,,,,,,,,,,,,,,,,,,,,,,,,,,,,,,,,,,,,,,,,
378,-1,06:57.3,,1395675_1,,,-1,06:57.3,1,,,2,,,0,1,0,,0,,00:00.0,00:00.0,00:00.0,,,,,,,,51517,,,1,,,17738,1,1,,,,"49,426.20","780,000",,1,,,"1,052,717",2,1,,,,,,,,,,,,,,,,,,,,,,,,,,,,,,,,,,,,,,,,,,
379,-1,06:57.3,,1395675_2,,,-1,06:57.3,1,,,2,,,0,1,0,,0,,00:00.0,00:00.0,00:00.0,,,,,,,,51518,,,1,,,17739,1,1,,,,"61,972.44","92,000",,1,,,"1,052,717",2,1,,,,,,,,,,,,,,,,,,,,,,,,,,,,,,,,,,,,,,,,,,
380,-1,06:57.3,,1395689_1,,,-1,06:57.3,1,,,2,,,0,1,0,,0,,00:00.0,00:00.0,00:00.0,,,,,,,,6909,,,1,,,,1,2,,,,"877,976.72","438,988.36",,1,,,"1,060,954",3,1,,,,,,,,,,,,,,,,,,,,,,,,,,,,,,,,,,,,,,,,,,
381,-1,06:57.3,,1395706_1,,,-1,06:57.3,1,,,2,,,0,1,0,,0,,00:00.0,00:00.0,00:00.0,,,,,,,,111678,,,1,,,25681,1,2,,,,"85,000","71,041.76",,1,,,"1,060,032",2,1,,,,,,,,,,,,,,,,,,,,,,,,,,,,,,,,,,,,,,,,,,
382,-1,06:57.3,,1395717_1,,,-1,06:57.3,1,,,2,,,0,1,0,,0,,00:00.0,,00:00.0,,,,,,,,,,,1,,,,1,2,,,,"150,000","145,801.94",,1,,,"1,056,288",2,1,,,,,,,,,,,,,,,,,,,,,,,,,,,,,,,,,,,,,,,,,,
383,-1,06:57.3,,1395725_1,,,-1,06:57.3,1,,,2,,,0,1,0,,0,,00:00.0,00:00.0,00:00.0,,,,,,,,31435,,,1,,,3655,1,2,,,,"70,000","65,744.68",,1,,,"1,054,877",2,1,,,,,,,,,,,,,,,,,,,,,,,,,,,,,,,,,,,,,,,,,,
384,-1,06:57.3,,1395787_1,,,-1,06:57.3,1,,,2,,,0,1,0,,0,,00:00.0,,00:00.0,,,,,,,,,,,1,,,,1,1,,,,"118,909.69","88,558.99",,1,,,"1,060,547",2,1,,,,,,,,,,,,,,,,,,,,,,,,,,,,,,,,,,,,,,,,,,
385,-1,06:57.3,,1395791_1,,,-1,06:57.3,1,,,2,,,0,1,0,,0,,00:00.0,00:00.0,00:00.0,,,,,,,,176,,,1,,,35,1,2,,,,"95,000","64,958.48",,1,,,"1,054,243",2,1,,,,,,,,,,,,,,,,,,,,,,,,,,,,,,,,,,,,,,,,,,
386,-1,06:57.3,,1395829_1,,,-1,06:57.3,1,,,2,,,0,1,1,,0,,00:00.0,00:00.0,00:00.0,,,,00:00.0,,,,47559,,,1,,,7826,1,1,,,,"75,837.62","75,837.62",,1,,,"1,055,546",2,1,,,,,,,,,,,,,,,,,,,,,,,,,,,,,,,,,,,,,,,,,,
387,"1,638",34:06.3,,1395879_1,,,-1,06:57.3,1,Banco Popolare soc. coop.,,2,,,1,1,0,,0,,00:00.0,,00:00.0,,,,,,,,,,,1,,,,1,1,,,,"60,000","41,000",,2,,,"1,052,962",2,1,,,,,,,,,,,,,,,,,,,,,,,,,,,,,,,,,,,,,,,,,,
388,-1,06:57.3,,1395880_1,,,-1,06:57.3,1,,,2,,,0,1,0,,0,,00:00.0,00:00.0,00:00.0,,,,,,,,5226,,,1,,,831,1,2,,,,"125,000","95,219.41",,1,,,"1,059,669",2,1,,,,,,,,,,,,,,,,,,,,,,,,,,,,,,,,,,,,,,,,,,
389,-1,06:57.3,,1395880_2,,,-1,06:57.3,1,,,2,,,0,1,0,,0,,00:00.0,00:00.0,00:00.0,,,,,,,,5227,,,1,,,832,1,2,,,,"80,000","80,000",,1,,,"1,059,669",2,1,,,,,,,,,,,,,,,,,,,,,,,,,,,,,,,,,,,,,,,,,,
390,-1,06:57.3,,1395892_1,,,-1,06:57.3,1,,,2,,,0,1,0,,0,,00:00.0,,00:00.0,,,,,,,,,,,1,,,,1,1,,,,"104,820.69","150,000",,1,,,"1,054,714",2,1,,,,,,,,,,,,,,,,,,,,,,,,,,,,,,,,,,,,,,,,,,
391,-1,06:57.3,,1395895_1,,,-1,06:57.3,1,,,2,,,0,1,0,,0,,00:00.0,00:00.0,00:00.0,,,,,,,,10033,,,1,,,1581,1,1,,,,"120,000","99,236.04",,1,,,"1,055,109",2,1,,,,,,,,,,,,,,,,,,,,,,,,,,,,,,,,,,,,,,,,,,
392,-1,06:57.3,,1395930_1,,,-1,06:57.3,1,,,2,,,0,1,1,,0,,00:00.0,00:00.0,00:00.0,,,,00:00.0,,,,13193,,,1,,,917,1,1,,,,"70,000","38,449.03",,1,,,"1,060,237",2,1,,,,,,,,,,,,,,,,,,,,,,,,,,,,,,,,,,,,,,,,,,
393,-1,06:57.3,,1395937_1,,,-1,06:57.3,1,,,2,,,0,1,0,,0,,00:00.0,00:00.0,00:00.0,,,,,,,,32311,,,1,,,7496,1,2,,,,"95,000","66,513.97",,1,,,"1,053,015",2,1,,,,,,,,,,,,,,,,,,,,,,,,,,,,,,,,,,,,,,,,,,
394,-1,06:57.3,,1395947_1,,,-1,06:57.3,1,,,2,,,0,1,0,,0,,00:00.0,00:00.0,00:00.0,,,,,,,,2202,,,1,,,290,1,1,,,,"24,117.81","32,000",,1,,,"1,057,951",2,1,,,,,,,,,,,,,,,,,,,,,,,,,,,,,,,,,,,,,,,,,,
395,-1,06:57.3,,1395961_1,,,-1,06:57.3,1,,,2,,,0,1,0,,0,,00:00.0,00:00.0,00:00.0,,,,,,,,8816,,,1,,,841,1,1,,,,"60,000","60,000",,1,,,"1,055,534",2,1,,,,,,,,,,,,,,,,,,,,,,,,,,,,,,,,,,,,,,,,,,
396,-1,06:57.3,,1395962_1,,,-1,06:57.3,1,,,2,,,0,1,0,,0,,00:00.0,,00:00.0,,,,,,,,,,,1,,,,1,1,,,,"145,000","120,000",,1,,,"1,056,647",2,1,,,,,,,,,,,,,,,,,,,,,,,,,,,,,,,,,,,,,,,,,,
397,-1,06:57.3,,1396054_1,,,-1,06:57.3,1,,,2,,,0,1,0,,0,,00:00.0,,00:00.0,,,,,,,,,,,1,,,889,1,1,,,,"210,000","138,346.49",,1,,,"1,053,623",2,1,,,,,,,,,,,,,,,,,,,,,,,,,,,,,,,,,,,,,,,,,,
398,-1,06:57.3,,1396084_1,,,-1,06:57.3,1,,,2,,,0,1,0,,0,,00:00.0,00:00.0,00:00.0,,,,,,,,3634,,,1,,,382,1,2,,,,"34,246.95","34,246.95",,1,,,"1,059,053",3,1,,,,,,,,,,,,,,,,,,,,,,,,,,,,,,,,,,,,,,,,,,
399,-1,06:57.3,,1396086_1,,,-1,06:57.3,1,,,2,,,0,1,0,,0,,00:00.0,,00:00.0,,,,,,,,,,,1,,,1075,1,1,,,,"80,000","42,782",,1,,,"1,052,222",2,1,,,,,,,,,,,,,,,,,,,,,,,,,,,,,,,,,,,,,,,,,,
400,-1,06:57.3,,1396121_1,,,-1,06:57.3,1,,,2,,,0,1,0,,0,,00:00.0,00:00.0,00:00.0,,,,,,,,33981,,,1,,,5093,1,1,,,,"52,039.38","52,039.38",,1,,,"1,052,704",2,1,,,,,,,,,,,,,,,,,,,,,,,,,,,,,,,,,,,,,,,,,,
401,-1,06:57.3,,1396128_1,,,-1,06:57.3,1,,,2,,,0,1,0,,0,,00:00.0,00:00.0,00:00.0,,,,,,,,,,,1,,,509,1,1,,,,"165,000","111,855.88",,1,,,"1,055,433",2,1,,,,,,,,,,,,,,,,,,,,,,,,,,,,,,,,,,,,,,,,,,
402,-1,06:57.3,,1396143_1,,,-1,06:57.3,1,,,2,,,0,1,0,,0,,00:00.0,00:00.0,00:00.0,,,,,,,,,,,1,,,2132,1,1,,,,"70,000","33,345.59",,1,,,"1,056,650",2,1,,,,,,,,,,,,,,,,,,,,,,,,,,,,,,,,,,,,,,,,,,
403,-1,06:57.3,,1396150_1,,,-1,06:57.3,1,,,2,,,0,1,0,,0,,00:00.0,,00:00.0,,,,,,,,,,,1,,,,1,1,,,,"105,961","76,205",,1,,,"1,058,450",2,1,,,,,,,,,,,,,,,,,,,,,,,,,,,,,,,,,,,,,,,,,,
404,-1,06:57.3,,1396168_1,,,-1,06:57.3,1,,,2,,,0,1,0,,0,,00:00.0,00:00.0,00:00.0,,,,,,,,,,,1,,,1433,1,1,,,,"115,000","80,967.62",,1,,,"1,054,478",2,1,,,,,,,,,,,,,,,,,,,,,,,,,,,,,,,,,,,,,,,,,,
405,-1,06:57.3,,1396171_1,,,-1,06:57.3,1,,,2,,,0,1,0,,0,,00:00.0,00:00.0,00:00.0,,,,,,,,48521,,,1,,,3924,1,1,,,,"64,060.37","100,000",,1,,,"1,057,068",2,1,,,,,,,,,,,,,,,,,,,,,,,,,,,,,,,,,,,,,,,,,,
406,-1,06:57.3,,1396223_1,,,-1,06:57.3,1,,,2,,,0,1,1,,0,,00:00.0,00:00.0,00:00.0,,,,00:00.0,,,,1303,,,1,,,9078,1,1,,,,"51,680.53","50,156.13",,1,,,"1,056,412",2,1,,,,,,,,,,,,,,,,,,,,,,,,,,,,,,,,,,,,,,,,,,
407,-1,06:57.3,,1396356_1,,,-1,06:57.3,1,,,2,,,0,1,0,,0,,00:00.0,,00:00.0,,,,,,,,,,,1,,,,1,1,,,,"33,441.01","50,000",,1,,,"1,052,638",2,1,,,,,,,,,,,,,,,,,,,,,,,,,,,,,,,,,,,,,,,,,,
408,-1,06:57.3,,1396429_1,,,-1,06:57.3,1,,,2,,,0,1,0,,0,,00:00.0,00:00.0,00:00.0,,,,,,,,,,,1,,,5683,1,1,,,,"80,000","55,913.07",,1,,,"1,053,676",2,1,,,,,,,,,,,,,,,,,,,,,,,,,,,,,,,,,,,,,,,,,,
409,-1,06:57.3,,1396458_1,,,-1,06:57.3,1,,,2,,,0,1,0,,0,,00:00.0,,00:00.0,,,,,,,,,,,1,,,,1,1,,,,"164,000","126,542.01",,1,,,"1,052,631",2,1,,,,,,,,,,,,,,,,,,,,,,,,,,,,,,,,,,,,,,,,,,
410,-1,06:57.3,,1396504_1,,,-1,06:57.3,1,,,2,,,0,1,0,,0,,00:00.0,,00:00.0,,,,,,,,,,,1,,,,1,2,,,,"60,000","41,000",,1,,,"1,058,396",2,1,,,,,,,,,,,,,,,,,,,,,,,,,,,,,,,,,,,,,,,,,,
411,-1,06:57.3,,1396527_1,,,-1,06:57.3,1,,,2,,,0,1,0,,0,,00:00.0,00:00.0,00:00.0,,,,,,,,,,,1,,,1736,1,1,,,,"60,000","37,464",,1,,,"1,056,345",2,1,,,,,,,,,,,,,,,,,,,,,,,,,,,,,,,,,,,,,,,,,,
412,-1,06:57.3,,1396580_1,,,-1,06:57.3,1,,,2,,,0,1,0,,0,,00:00.0,,00:00.0,,,,,,,,,,,1,,,,1,2,,,,"39,000","31,093.94",,1,,,"1,052,150",2,1,,,,,,,,,,,,,,,,,,,,,,,,,,,,,,,,,,,,,,,,,,
413,-1,06:57.3,,1396586_1,,,-1,06:57.3,1,,,2,,,0,1,0,,0,,00:00.0,00:00.0,00:00.0,,,,,,,,119299,,,1,,,16507,1,2,,,,"120,000","162,196.17",,1,,,"1,055,894",2,1,,,,,,,,,,,,,,,,,,,,,,,,,,,,,,,,,,,,,,,,,,
414,-1,06:57.3,,1396629_1,,,-1,06:57.3,1,,,2,,,0,1,0,,0,,00:00.0,,00:00.0,,,,,,,,,,,1,,,691,1,1,,,,"70,000","57,500",,1,,,"1,053,038",2,1,,,,,,,,,,,,,,,,,,,,,,,,,,,,,,,,,,,,,,,,,,
415,-1,06:57.3,,1396648_1,,,-1,06:57.3,1,,,2,,,0,1,0,,0,,00:00.0,,00:00.0,,,,,,,,,,,1,,,,1,1,,,,"51,645.69","30,724.39",,1,,,"1,053,025",2,1,,,,,,,,,,,,,,,,,,,,,,,,,,,,,,,,,,,,,,,,,,
416,-1,06:57.3,,1396655_1,,,-1,06:57.3,1,,,2,,,0,1,0,,0,,00:00.0,00:00.0,00:00.0,,,,,,,,46360,,,1,,,9297,1,2,,,,"50,000","30,619.29",,1,,,"1,055,291",2,1,,,,,,,,,,,,,,,,,,,,,,,,,,,,,,,,,,,,,,,,,,
417,-1,06:57.3,,1396664_1,,,-1,06:57.3,1,,,2,,,0,1,1,,0,,00:00.0,00:00.0,00:00.0,,,,00:00.0,,,,18138,,,1,,,2859,1,1,,,,"52,173.96","52,173.96",,1,,,"1,058,058",2,1,,,,,,,,,,,,,,,,,,,,,,,,,,,,,,,,,,,,,,,,,,
418,-1,06:57.3,,1396778_1,,,-1,06:57.3,1,,,2,,,0,1,0,,0,,00:00.0,00:00.0,00:00.0,,,,,,,,,,,1,,,4092,1,1,,,,"46,648","46,648",,1,,,"1,058,747",2,1,,,,,,,,,,,,,,,,,,,,,,,,,,,,,,,,,,,,,,,,,,
419,-1,06:57.3,,1396836_1,,,-1,06:57.3,1,,,2,,,0,1,0,,0,,00:00.0,,00:00.0,,,,,,,,,,,1,,,,1,2,,,,"125,000","107,501.20",,1,,,"1,059,871",2,1,,,,,,,,,,,,,,,,,,,,,,,,,,,,,,,,,,,,,,,,,,
420,-1,06:57.3,,1396838_1,,,-1,06:57.3,1,,,2,,,0,1,0,,0,,00:00.0,,00:00.0,,,,,,,,,,,1,,,1562,1,1,,,,"47,799.94","34,276.65",,1,,,"1,055,016",2,1,,,,,,,,,,,,,,,,,,,,,,,,,,,,,,,,,,,,,,,,,,
421,-1,06:57.3,,1396843_1,,,-1,06:57.3,1,,,2,,,0,1,0,,0,,00:00.0,00:00.0,00:00.0,,,,,,,,,,,1,,,5234,1,1,,,,"90,000","49,319.22",,1,,,"1,057,911",2,1,,,,,,,,,,,,,,,,,,,,,,,,,,,,,,,,,,,,,,,,,,
422,-1,06:57.3,,1396856_1,,,-1,06:57.3,1,,,2,,,0,1,0,,0,,00:00.0,00:00.0,00:00.0,,,,,,,,5598,,,1,,,854,1,1,,,,"130,000","93,529.81",,1,,,"1,055,188",2,1,,,,,,,,,,,,,,,,,,,,,,,,,,,,,,,,,,,,,,,,,,
423,-1,06:57.3,,1396897_1,,,-1,06:57.3,1,,,2,,,0,1,0,,0,,00:00.0,00:00.0,00:00.0,,,,,,,,11204,,,1,,,1543,1,2,,,,"223,635.68","223,635.68",,1,,,"1,059,300",2,1,,,,,,,,,,,,,,,,,,,,,,,,,,,,,,,,,,,,,,,,,,
424,-1,06:57.3,,1396904_1,,,-1,06:57.3,1,,,2,,,0,1,0,,0,,00:00.0,,00:00.0,,,,,,,,,,,1,,,,1,1,,,,"55,000","41,934.76",,1,,,"1,054,266",2,1,,,,,,,,,,,,,,,,,,,,,,,,,,,,,,,,,,,,,,,,,,
425,-1,06:57.3,,1396947_1,,,-1,06:57.3,1,,,2,,,0,1,0,,0,,00:00.0,00:00.0,00:00.0,,,,,,,,15108,,,1,,,2878,1,1,,,,"145,000","128,726.03",,1,,,"1,055,974",2,1,,,,,,,,,,,,,,,,,,,,,,,,,,,,,,,,,,,,,,,,,,
426,-1,06:57.3,,1396952_1,,,-1,06:57.3,1,,,2,,,0,1,0,,0,,00:00.0,00:00.0,00:00.0,,,,,,,,,,,1,,,4931,1,1,,,,"60,000","49,825.77",,1,"1,481,661",,"1,058,253",2,1,,,,,,,,,,,,,,,,,,,,,,,,,,,,,,,,,,,,,,,,,,
427,-1,06:57.3,,1396952_2,,,-1,06:57.3,1,,,2,,,0,1,0,,0,,00:00.0,00:00.0,00:00.0,,,,,,,,,,,1,,,4929,1,1,,,,"45,000","36,903.28",,1,"1,481,662",,"1,058,253",2,1,,,,,,,,,,,,,,,,,,,,,,,,,,,,,,,,,,,,,,,,,,
428,-1,06:57.3,,1397032_1,,,-1,06:57.3,1,,,2,,,0,1,1,,0,,00:00.0,00:00.0,00:00.0,,,,00:00.0,,,,37051,,,1,,,7779,1,1,,,,"130,000","92,569.78",,1,,,"1,052,667",2,1,,,,,,,,,,,,,,,,,,,,,,,,,,,,,,,,,,,,,,,,,,
429,-1,06:57.3,,1397106_1,,,-1,06:57.3,1,,,2,,,0,1,0,,0,,00:00.0,,00:00.0,,,,,,,,,,,1,,,,1,1,,,,"50,000","33,607.89",,1,,,"1,057,648",2,1,,,,,,,,,,,,,,,,,,,,,,,,,,,,,,,,,,,,,,,,,,
430,-1,06:57.3,,1397112_1,,,-1,06:57.3,1,,,2,,,0,1,0,,0,,00:00.0,00:00.0,00:00.0,,,,,,,,17053,,,1,,,48230,1,2,,,,"165,000","116,883.02",,1,,,"1,055,922",2,1,,,,,,,,,,,,,,,,,,,,,,,,,,,,,,,,,,,,,,,,,,
431,-1,06:57.3,,1397112_2,,,-1,06:57.3,1,,,2,,,0,1,0,,0,,00:00.0,00:00.0,00:00.0,,,,,,,,67696,,,1,,,9060,1,2,,,,"118,894","11,683",,1,,,"1,055,922",2,1,,,,,,,,,,,,,,,,,,,,,,,,,,,,,,,,,,,,,,,,,,
432,-1,06:57.3,,1397112_3,,,-1,06:57.3,1,,,2,,,0,1,0,,0,,00:00.0,00:00.0,00:00.0,,,,,,,,85909,,,1,,,1968,1,2,,,,"118,894","116,883",,1,,,"1,055,922",2,1,,,,,,,,,,,,,,,,,,,,,,,,,,,,,,,,,,,,,,,,,,
433,-1,06:57.3,,1397151_1,,,-1,06:57.3,1,,,2,,,0,1,0,,0,,00:00.0,,00:00.0,,,,,,,,,,,1,,,,1,1,,,,"83,000","68,867.48",,1,,,"1,052,747",2,1,,,,,,,,,,,,,,,,,,,,,,,,,,,,,,,,,,,,,,,,,,
434,-1,06:57.3,,1397151_2,,,-1,06:57.3,1,,,2,,,0,1,0,,0,,00:00.0,,00:00.0,,,,,,,,,,,1,,,,1,1,,,,"75,000","49,070.26",,1,,,"1,052,747",2,1,,,,,,,,,,,,,,,,,,,,,,,,,,,,,,,,,,,,,,,,,,
435,-1,06:57.3,,1397152_1,,,-1,06:57.3,1,,,2,,,0,1,0,,0,,00:00.0,,00:00.0,,,,,,,,,,,1,,,,1,2,,,,"90,000","56,295.39",,1,,,"1,057,020",2,1,,,,,,,,,,,,,,,,,,,,,,,,,,,,,,,,,,,,,,,,,,
436,-1,06:57.3,,1397184_1,,,-1,06:57.3,1,,,2,,,0,1,0,,0,,00:00.0,,00:00.0,,,,,,,,,,,1,,,,1,1,,,,"55,000","40,000",,1,,,"1,057,452",2,1,,,,,,,,,,,,,,,,,,,,,,,,,,,,,,,,,,,,,,,,,,
437,-1,06:57.3,,1397197_1,,,-1,06:57.3,1,"Banca Commerciale Italiana, Banca Mercantile Itali",,2,,,1,1,0,,0,,00:00.0,,00:00.0,,,,,,,,,,,1,,,,1,2,,,,"1,848,815.70","1,658,297.15",,1,"1,481,663",,"1,060,707",4,1,,,,,,,,,,,,,,,,,,,,,,,,,,,,,,,,,,,,,,,,,,
438,-1,06:57.3,,1397207_1,,,-1,06:57.3,1,,,2,,,0,1,0,,0,,00:00.0,,00:00.0,,,,,,,,,,,1,,,188,1,1,,,,"163,000","153,791.21",,1,,,"1,054,603",2,1,,,,,,,,,,,,,,,,,,,,,,,,,,,,,,,,,,,,,,,,,,
439,-1,06:57.3,,1397221_1,,,-1,06:57.3,1,,,2,,,0,1,0,,0,,00:00.0,,00:00.0,,,,,,,,,,,1,,,225,1,1,,,,"130,829.56","109,947.56",,1,,,"1,054,697",2,1,,,,,,,,,,,,,,,,,,,,,,,,,,,,,,,,,,,,,,,,,,
440,"1,638",48:17.9,,1397269_1,,,-1,06:57.3,1,,,2,,,0,1,0,,0,,00:00.0,00:00.0,00:00.0,,,00:00.0,,,00:00.0,,,,,1,,,1902,1,1,,,,"90,000","55,344.26",,2,,,"1,053,296",2,1,,,,,,,,,,,,,,,,,,,,,,,,,,,,,,,,,,,,,,,,,,
441,-1,06:57.3,,1397286_1,,,-1,06:57.3,1,9 istituti,,2,,,1,1,0,,0,,00:00.0,,00:00.0,,,,00:00.0,,,,,,,1,,,,1,1,,,,"2,000,000","800,000",,1,"1,481,664",,"1,060,747",4,1,,,,,,,,,,,,,,,,,,,,,,,,,,,,,,,,,,,,,,,,,,
442,-1,06:57.3,,1397304_1,,,-1,06:57.3,1,,,2,,,0,1,0,,0,,00:00.0,00:00.0,00:00.0,,,,,,,,35723,,,1,,,7204,1,2,,,,"35,000","20,000",,1,,,"1,059,516",2,1,,,,,,,,,,,,,,,,,,,,,,,,,,,,,,,,,,,,,,,,,,
443,-1,06:57.3,,1397333_1,,,-1,06:57.3,1,,,2,,,0,1,0,,0,,00:00.0,00:00.0,00:00.0,,,,,,,,,,,1,,,2936,1,1,,,,"100,000","82,123.20",,1,,,"1,056,669",2,1,,,,,,,,,,,,,,,,,,,,,,,,,,,,,,,,,,,,,,,,,,
444,-1,06:57.3,,1397379_1,,,-1,06:57.3,1,,,2,,,0,1,0,,0,,00:00.0,,00:00.0,,,,,,,,,,,1,,,195,1,1,,,,"210,000","164,205.82",,1,,,"1,054,079",2,1,,,,,,,,,,,,,,,,,,,,,,,,,,,,,,,,,,,,,,,,,,
445,-1,06:57.3,,1397435_1,,,-1,06:57.3,1,,,2,,,0,1,0,,0,,00:00.0,00:00.0,00:00.0,,,,00:00.0,,,,,,,1,,,15581,1,1,,,,"400,000","203,402",,1,,,"1,052,733",1,1,,,,,,,,,,,,,,,,,,,,,,,,,,,,,,,,,,,,,,,,,,
446,-1,06:57.3,,1397464_1,,,-1,06:57.3,1,,,2,,,0,1,0,,0,,00:00.0,,00:00.0,,,,,,,,,,,1,,,10086,1,1,,,,"60,000","51,735.61",,1,,,"1,054,863",2,1,,,,,,,,,,,,,,,,,,,,,,,,,,,,,,,,,,,,,,,,,,
447,-1,06:57.3,,1397514_1,,,-1,06:57.3,1,,,2,,,0,1,1,,0,,00:00.0,00:00.0,00:00.0,,,,00:00.0,,,,2505,,,1,,,563,1,1,,,,"75,000","51,714.14",,1,,,"1,053,927",2,1,,,,,,,,,,,,,,,,,,,,,,,,,,,,,,,,,,,,,,,,,,
448,-1,06:57.3,,1397541_1,,,-1,06:57.3,1,,,2,,,0,1,0,,0,,00:00.0,,00:00.0,,,,,,,,,,,1,,,,1,2,,,,"120,055.80","99,286.89",,1,,,"1,055,545",2,1,,,,,,,,,,,,,,,,,,,,,,,,,,,,,,,,,,,,,,,,,,
449,-1,06:57.3,,1397612_1,,,-1,06:57.3,1,,,2,,,0,1,0,,0,,00:00.0,00:00.0,00:00.0,,,,,,,,,,,1,,,415,1,1,,,,"70,000","45,806.35",,1,,,"1,055,682",2,1,,,,,,,,,,,,,,,,,,,,,,,,,,,,,,,,,,,,,,,,,,
450,-1,06:57.3,,1397633_1,,,-1,06:57.3,1,,,2,,,0,1,0,,0,,00:00.0,,00:00.0,,,,,,,,,,,1,,,,1,1,,,,"400,000","391,704.50",,1,"1,481,665",,"1,060,895",2,1,,,,,,,,,,,,,,,,,,,,,,,,,,,,,,,,,,,,,,,,,,
451,-1,06:57.3,,1397643_1,,,-1,06:57.3,1,,,2,,,0,1,0,,0,,00:00.0,00:00.0,00:00.0,,,,,,,,,,,1,,,2009,1,1,,,,"81,018.47","52,618.52",,1,,,"1,056,034",2,1,,,,,,,,,,,,,,,,,,,,,,,,,,,,,,,,,,,,,,,,,,
452,-1,06:57.3,,1397643_2,,,-1,06:57.3,1,,,2,,,0,1,0,,0,,00:00.0,00:00.0,00:00.0,,,,,,,,,,,1,,,16,1,1,,,,"170,441.42","111,886.49",,1,,,"1,056,034",2,1,,,,,,,,,,,,,,,,,,,,,,,,,,,,,,,,,,,,,,,,,,
453,-1,06:57.3,,1397644_1,,,-1,06:57.3,1,,,2,,,0,1,0,,0,,00:00.0,00:00.0,00:00.0,,,,,,,,6680,,,1,,,619,1,2,,,,"70,000","62,000",,1,,,"1,056,461",2,1,,,,,,,,,,,,,,,,,,,,,,,,,,,,,,,,,,,,,,,,,,
454,-1,06:57.3,,1397648_1,,,-1,06:57.3,1,,,2,,,0,1,0,,0,,00:00.0,00:00.0,00:00.0,,,,,,,,8902,,,1,,,897,1,2,,,,"170,000","151,514.45",,1,,,"1,054,520",2,1,,,,,,,,,,,,,,,,,,,,,,,,,,,,,,,,,,,,,,,,,,
455,-1,06:57.3,,1397671_1,,,-1,06:57.3,1,,,2,,,0,1,0,,0,,00:00.0,00:00.0,00:00.0,,,,,,,,,,,1,,,5020,1,1,,,,"120,000","92,782.66",,1,,,"1,056,819",2,1,,,,,,,,,,,,,,,,,,,,,,,,,,,,,,,,,,,,,,,,,,
456,-1,06:57.3,,1397679_1,,,-1,06:57.3,1,,,2,,,0,1,0,,0,,00:00.0,00:00.0,00:00.0,,,,,,,,1781,,,1,,,368,1,2,,,,"40,000","28,400.01",,1,,,"1,060,513",2,1,,,,,,,,,,,,,,,,,,,,,,,,,,,,,,,,,,,,,,,,,,
457,-1,06:57.3,,1397719_1,,,-1,06:57.3,1,,,2,,,0,1,0,,0,,00:00.0,00:00.0,00:00.0,,,,,,,,4326,,,1,,,762,1,2,,,,"113,764.19","117,000",,1,,,"1,058,494",2,1,,,,,,,,,,,,,,,,,,,,,,,,,,,,,,,,,,,,,,,,,,
458,-1,06:57.3,,1397810_1,,,-1,06:57.3,1,,,2,,,0,1,0,,0,,00:00.0,00:00.0,00:00.0,,,,,,,,8757,,,1,,,1142,1,1,,,,"80,000","73,954.72",,1,,,"1,055,830",2,1,,,,,,,,,,,,,,,,,,,,,,,,,,,,,,,,,,,,,,,,,,
459,-1,06:57.3,,1397810_2,,,-1,06:57.3,1,,,2,,,0,1,0,,0,,00:00.0,00:00.0,00:00.0,,,,,,,,19037,,,1,,,2714,1,1,,,,"80,000","73,954.72",,1,,,"1,055,830",2,1,,,,,,,,,,,,,,,,,,,,,,,,,,,,,,,,,,,,,,,,,,
460,-1,06:57.3,,1397885_1,,,-1,06:57.3,1,,,2,,,0,1,0,,0,,00:00.0,00:00.0,00:00.0,,,,,,,,,,,1,,,3930,1,1,,,,"56,099.37","110,000",,1,,,"1,059,660",2,1,,,,,,,,,,,,,,,,,,,,,,,,,,,,,,,,,,,,,,,,,,
461,-1,06:57.3,,1397911_1,,,-1,06:57.3,1,,,2,,,0,1,0,,0,,00:00.0,00:00.0,00:00.0,,,,,,,,,,,1,,,2260,1,1,,,,"150,000","110,000",,1,,,"1,054,208",2,1,,,,,,,,,,,,,,,,,,,,,,,,,,,,,,,,,,,,,,,,,,
462,-1,06:57.3,,1398038_1,,,-1,06:57.3,1,,,2,,,0,1,0,,0,,00:00.0,00:00.0,00:00.0,,,,,,,,130924,,,1,,,30257,1,2,,,,"80,000","6,189.27",,1,,,"1,052,582",2,1,,,,,,,,,,,,,,,,,,,,,,,,,,,,,,,,,,,,,,,,,,
463,-1,06:57.3,,1398048_1,,,-1,06:57.3,1,,,2,,,0,1,0,,0,,00:00.0,00:00.0,00:00.0,,,,,,,,7635,,,1,,,759,1,2,,,,"75,000","71,495.31",,1,,,"1,060,187",2,1,,,,,,,,,,,,,,,,,,,,,,,,,,,,,,,,,,,,,,,,,,
464,-1,06:57.3,,1398214_1,,,-1,06:57.3,1,,,2,,,0,1,0,,0,,00:00.0,00:00.0,00:00.0,,,,,,,,6337,,,1,,,542,1,2,,,,"40,000","31,010.62",,1,,,"1,056,082",2,1,,,,,,,,,,,,,,,,,,,,,,,,,,,,,,,,,,,,,,,,,,
465,-1,06:57.3,,1398223_1,,,-1,06:57.3,1,,,2,,,0,1,0,,0,,00:00.0,00:00.0,00:00.0,,,,,,,,537,,,1,,,180,1,1,,,,"110,000","73,972.96",,1,,,"1,054,424",2,1,,,,,,,,,,,,,,,,,,,,,,,,,,,,,,,,,,,,,,,,,,
466,-1,06:57.3,,1398303_1,,,-1,06:57.3,1,,,2,,,0,1,0,,0,,00:00.0,00:00.0,00:00.0,,,,,,,,5742,,,1,,,915,1,1,,,,"140,000","92,140.80",,1,,,"1,058,457",2,1,,,,,,,,,,,,,,,,,,,,,,,,,,,,,,,,,,,,,,,,,,
467,-1,06:57.3,,1398325_1,,,-1,06:57.3,1,,,2,,,0,1,0,,0,,00:00.0,00:00.0,00:00.0,,,,,,,,5599,,,1,,,1161,1,2,,,,"100,000","67,351.60",,1,,,"1,052,415",2,1,,,,,,,,,,,,,,,,,,,,,,,,,,,,,,,,,,,,,,,,,,
468,"1,517",39:11.9,,1398337_1,,,-1,06:57.3,1,,,2,,,0,1,0,,0,,00:00.0,00:00.0,00:00.0,,,,,,,,,,,1,,,212,1,1,,,,"130,000","102,327.80",,8,,,"1,058,311",2,1,,,,,,,,,,,,,,,,,,,,,,,,,,,,,,,,,,,,,,,,,,
469,-1,06:57.3,,1398348_1,,,-1,06:57.3,1,,,2,,,0,1,0,,0,,00:00.0,00:00.0,00:00.0,,,,,,,,16850,,,1,,,1990,1,1,,,,"150,000","98,787",,1,,,"1,058,781",2,1,,,,,,,,,,,,,,,,,,,,,,,,,,,,,,,,,,,,,,,,,,
470,"1,638",13:49.0,,1398366_1,,,-1,06:57.3,1,,,2,,,0,1,0,,0,,00:00.0,00:00.0,00:00.0,,,00:00.0,,,00:00.0,,5093,,,1,,,335,1,1,,,,"110,000","66,864.67",,4,,,"1,054,921",2,1,,,,,,,,,,,,,,,,,,,,,,,,,,,,,,,,,,,,,,,,,,
471,-1,06:57.3,,1398368_1,,,-1,06:57.3,1,,,2,,,0,1,1,,0,,00:00.0,,00:00.0,,,,00:00.0,,,,,,,1,,,,1,1,,,,"535,000","449,230",,1,"1,481,666",,"1,060,712",2,1,,,,,,,,,,,,,,,,,,,,,,,,,,,,,,,,,,,,,,,,,,
472,-1,06:57.3,,1398378_1,,,-1,06:57.3,1,,,2,,,0,1,0,,0,,00:00.0,00:00.0,00:00.0,,,,,,,,,,,1,,,1637,1,1,,,,"70,000","43,498.94",,1,,,"1,053,234",2,1,,,,,,,,,,,,,,,,,,,,,,,,,,,,,,,,,,,,,,,,,,
473,-1,06:57.3,,1398379_1,,,-1,06:57.3,1,,,2,,,0,1,0,,0,,00:00.0,,00:00.0,,,,,,,,,,,1,,,78,1,1,,,,"70,000","48,916.41",,1,,,"1,053,301",2,1,,,,,,,,,,,,,,,,,,,,,,,,,,,,,,,,,,,,,,,,,,
474,"1,638",17:49.7,,1398446_1,,,-1,06:57.3,1,,,2,,,0,1,0,,0,,00:00.0,00:00.0,00:00.0,,,00:00.0,,,00:00.0,,345,,,1,,,22,1,2,,,,"78,000","57,803.95",,2,,,"1,056,031",2,1,,,,,,,,,,,,,,,,,,,,,,,,,,,,,,,,,,,,,,,,,,
475,-1,06:57.3,,1398525_1,,,-1,06:57.3,1,,,2,,,0,1,0,,0,,00:00.0,,00:00.0,,,,,,,,,,,1,,,14212,1,1,,,,"204,292.04","183,127.56",,1,,,"1,052,440",2,1,,,,,,,,,,,,,,,,,,,,,,,,,,,,,,,,,,,,,,,,,,
476,-1,06:57.3,,1398528_1,,,-1,06:57.3,1,,,2,,,0,1,0,,0,,00:00.0,,00:00.0,,,,,,,,,,,1,,,3238,1,1,,,,"45,000","32,723.02",,1,,,"1,055,825",2,1,,,,,,,,,,,,,,,,,,,,,,,,,,,,,,,,,,,,,,,,,,
477,-1,06:57.3,,1398528_2,,,-1,06:57.3,1,,,2,,,0,1,0,,0,,00:00.0,,00:00.0,,,,,,,,,,,1,,,3290,1,1,,,,"82,000","60,000",,1,,,"1,055,825",2,1,,,,,,,,,,,,,,,,,,,,,,,,,,,,,,,,,,,,,,,,,,
478,-1,06:57.3,,1398536_1,,,-1,06:57.3,1,,,2,,,0,1,0,,0,,00:00.0,,00:00.0,,,,,,,,139372,,,1,,,37160,1,2,,,,"76,248.90","60,000",,1,,,"1,052,124",2,1,,,,,,,,,,,,,,,,,,,,,,,,,,,,,,,,,,,,,,,,,,
479,-1,06:57.3,,1398639_1,,,-1,06:57.3,1,,,2,,,0,1,0,,0,,00:00.0,,00:00.0,,,,,,,,,,,1,,,,1,2,,,,"43,522.26","43,522.26",,1,,,"1,052,055",2,1,,,,,,,,,,,,,,,,,,,,,,,,,,,,,,,,,,,,,,,,,,
480,-1,06:57.3,,1398662_1,,,-1,06:57.3,1,,,2,,,0,1,0,,0,,00:00.0,,00:00.0,,,,,,,,,,,1,,,,1,1,,,,"48,000","37,252.45",,1,,,"1,056,011",2,1,,,,,,,,,,,,,,,,,,,,,,,,,,,,,,,,,,,,,,,,,,
481,-1,06:57.3,,1398666_1,,,-1,06:57.3,1,,,2,,,0,1,0,,0,,00:00.0,00:00.0,00:00.0,,,,,,,,10558,,,1,,,1586,1,2,,,,"53,000","34,000",,1,,,"1,054,886",2,1,,,,,,,,,,,,,,,,,,,,,,,,,,,,,,,,,,,,,,,,,,
482,-1,06:57.3,,1398734_1,,,-1,06:57.3,1,,,2,,,0,1,0,,0,,00:00.0,00:00.0,00:00.0,,,,,,,,31940,,,1,,,4207,1,2,,,,"43,000","29,411.07",,1,,,"1,058,257",2,1,,,,,,,,,,,,,,,,,,,,,,,,,,,,,,,,,,,,,,,,,,
483,-1,06:57.3,,1398755_1,,,-1,06:57.3,1,,,2,,,0,1,0,,0,,00:00.0,00:00.0,00:00.0,,,,,,,,4763,,,1,,,310,1,2,,,,"190,000","129,003.09",,1,,,"1,059,482",2,1,,,,,,,,,,,,,,,,,,,,,,,,,,,,,,,,,,,,,,,,,,
484,-1,06:57.3,,1398762_1,,,-1,06:57.3,1,,,2,,,0,1,0,,0,,00:00.0,00:00.0,00:00.0,,,,,,,,2713,,,1,,,443,1,1,,,,"80,000","60,219.41",,1,,,"1,059,712",2,1,,,,,,,,,,,,,,,,,,,,,,,,,,,,,,,,,,,,,,,,,,
485,-1,06:57.3,,1398767_1,,,-1,06:57.3,1,,,2,,,0,1,1,,0,,00:00.0,00:00.0,00:00.0,,,,00:00.0,,,,32189,,,1,,,5283,1,1,,,,"63,000","29,844.60",,1,,,"1,052,042",2,1,,,,,,,,,,,,,,,,,,,,,,,,,,,,,,,,,,,,,,,,,,
486,-1,06:57.3,,1398795_1,,,-1,06:57.3,1,,,2,,,0,1,0,,0,,00:00.0,00:00.0,00:00.0,,,,,,,,,,,1,,,2981,1,1,,,,"40,000","40,000",,1,,,"1,056,054",2,1,,,,,,,,,,,,,,,,,,,,,,,,,,,,,,,,,,,,,,,,,,
487,-1,06:57.3,,1398814_1,,,-1,06:57.3,1,,,2,,,0,1,0,,0,,00:00.0,00:00.0,00:00.0,,,,,,,,10018,,,1,,,900,1,2,,,,"100,606.66","50,303.33",,1,,,"1,056,805",2,1,,,,,,,,,,,,,,,,,,,,,,,,,,,,,,,,,,,,,,,,,,
488,-1,06:57.3,,1398819_1,,,-1,06:57.3,1,,,2,,,0,1,0,,0,,00:00.0,,00:00.0,,,,,,,,,,,1,,,,1,1,,,,"65,000","50,000",,1,,,"1,055,087",2,1,,,,,,,,,,,,,,,,,,,,,,,,,,,,,,,,,,,,,,,,,,
489,-1,06:57.3,,1398871_1,,,-1,06:57.3,1,,,2,,,0,1,0,,0,,00:00.0,,00:00.0,,,,,,,,,,,1,,,567,1,1,,,,"30,000","30,000",,1,,,"1,060,432",2,1,,,,,,,,,,,,,,,,,,,,,,,,,,,,,,,,,,,,,,,,,,
490,-1,06:57.3,,1398902_1,,,-1,06:57.3,1,,,2,,,0,1,0,,0,,00:00.0,00:00.0,00:00.0,,,,,,,,,,,1,,,4701,1,1,,,,"70,000","44,336",,1,,,"1,056,204",2,1,,,,,,,,,,,,,,,,,,,,,,,,,,,,,,,,,,,,,,,,,,
491,-1,06:57.3,,1398942_1,,,-1,06:57.3,1,,,2,,,0,1,0,,0,,00:00.0,00:00.0,00:00.0,,,,,,,,3075,,,1,,,15410,1,2,,,,"162,037.69","200,000",,1,,,"1,056,233",2,1,,,,,,,,,,,,,,,,,,,,,,,,,,,,,,,,,,,,,,,,,,
492,-1,06:57.3,,1398962_1,,,-1,06:57.3,1,,,2,,,0,1,0,,0,,00:00.0,00:00.0,00:00.0,,,,,,,,3453,,,1,,,3453,1,2,,,,"70,000","54,963.80",,1,,,"1,052,856",2,1,,,,,,,,,,,,,,,,,,,,,,,,,,,,,,,,,,,,,,,,,,
493,-1,06:57.3,,1398993_1,,,-1,06:57.3,1,,,2,,,0,1,0,,0,,00:00.0,00:00.0,00:00.0,,,,,,,,5326,,,1,,,661,1,1,,,,"75,000","72,193.56",,1,,,"1,053,088",2,1,,,,,,,,,,,,,,,,,,,,,,,,,,,,,,,,,,,,,,,,,,
494,-1,06:57.3,,1399009_1,,,-1,06:57.3,1,,,2,,,0,1,0,,0,,00:00.0,,00:00.0,,,,,,,,,,,1,,,,1,1,,,,"145,000","100,552.83",,1,,,"1,054,444",2,1,,,,,,,,,,,,,,,,,,,,,,,,,,,,,,,,,,,,,,,,,,
495,-1,06:57.3,,1399017_1,,,-1,06:57.3,1,,,2,,,0,1,0,,0,,00:00.0,,00:00.0,,,,,,,,,,,1,,,318,1,1,,,,"90,000","61,300",,1,,,"1,056,798",2,1,,,,,,,,,,,,,,,,,,,,,,,,,,,,,,,,,,,,,,,,,,
496,"1,638",13:07.7,,1399049_1,,,-1,06:57.3,1,,,2,,,0,1,0,,0,,00:00.0,00:00.0,00:00.0,,,00:00.0,,,00:00.0,,,,,1,,,791,1,1,,,,"116,000","88,237.58",,4,,,"1,054,446",2,1,,,,,,,,,,,,,,,,,,,,,,,,,,,,,,,,,,,,,,,,,,
497,-1,06:57.3,,1399088_1,,,-1,06:57.3,1,,,2,,,0,1,0,,0,,00:00.0,,00:00.0,,,,,,,,,,,1,,,9833,1,1,,,,"413,000","271,760.55",,1,,,"1,052,921",2,1,,,,,,,,,,,,,,,,,,,,,,,,,,,,,,,,,,,,,,,,,,
498,-1,06:57.3,,1399108_1,,,-1,06:57.3,1,,,2,,,0,1,0,,0,,00:00.0,,00:00.0,,,,,,,,,,,1,,,,1,1,,,,"90,000","90,000",,1,,,"1,055,262",2,1,,,,,,,,,,,,,,,,,,,,,,,,,,,,,,,,,,,,,,,,,,
499,-1,06:57.3,,1399245_1,,,-1,06:57.3,1,,,2,,,0,1,0,,0,,00:00.0,00:00.0,00:00.0,,,,,,,,,,,1,,,4576,1,1,,,,"38,000","26,131.38",,1,,,"1,059,927",2,1,,,,,,,,,,,,,,,,,,,,,,,,,,,,,,,,,,,,,,,,,,
500,-1,06:57.3,,1399256_1,,,-1,06:57.3,1,,,2,,,0,1,0,,0,,00:00.0,00:00.0,00:00.0,,,,,,,,,,,1,,,3806,1,1,,,,"150,000","110,606.65",,1,,,"1,055,106",2,1,,,,,,,,,,,,,,,,,,,,,,,,,,,,,,,,,,,,,,,,,,
501,-1,06:57.3,,1399267_1,,,-1,06:57.3,1,,,2,,,0,1,0,,0,,00:00.0,00:00.0,00:00.0,,,,,,,,12303,,,1,,,2111,1,2,,,,"90,000","74,752.49",,1,,,"1,052,293",2,1,,,,,,,,,,,,,,,,,,,,,,,,,,,,,,,,,,,,,,,,,,
502,-1,06:57.3,,1399317_1,,,-1,06:57.3,1,,,2,,,0,1,0,,0,,00:00.0,00:00.0,00:00.0,,,,,,,,2007,,,1,,,58,1,2,,,,"63,000","48,002.93",,1,,,"1,057,256",2,1,,,,,,,,,,,,,,,,,,,,,,,,,,,,,,,,,,,,,,,,,,
503,-1,06:57.3,,1399328_1,,,-1,06:57.3,1,,,2,,,0,1,0,,0,,00:00.0,,00:00.0,,,,,,,,,,,1,,,,1,1,,,,"60,000","39,058.13",,1,,,"1,056,027",2,1,,,,,,,,,,,,,,,,,,,,,,,,,,,,,,,,,,,,,,,,,,
504,-1,06:57.3,,1399328_2,,,-1,06:57.3,1,,,2,,,0,1,0,,0,,00:00.0,,00:00.0,,,,,,,,,,,1,,,195,1,1,,,,"210,000","164,205.82",,1,,,"1,056,027",2,1,,,,,,,,,,,,,,,,,,,,,,,,,,,,,,,,,,,,,,,,,,
505,-1,06:57.3,,1399330_1,,,-1,06:57.3,1,,,2,,,0,1,0,,0,,00:00.0,,00:00.0,,,,,,,,,,,1,,,,1,1,,,,"55,000","39,699.13",,1,,,"1,060,092",2,1,,,,,,,,,,,,,,,,,,,,,,,,,,,,,,,,,,,,,,,,,,
506,"1,638",25:29.7,,1399341_1,,,-1,06:57.3,1,,,2,,,0,1,0,,0,,00:00.0,00:00.0,00:00.0,,,00:00.0,,,00:00.0,,,,,1,,,28385,1,1,,,,"13,696.45","6,330.45",,2,,,"1,059,606",2,1,,,,,,,,,,,,,,,,,,,,,,,,,,,,,,,,,,,,,,,,,,
507,-1,06:57.3,,1399396_1,,,-1,06:57.3,1,,,2,,,0,1,0,,0,,00:00.0,00:00.0,00:00.0,,,,,,,,19555,,,1,,,2065,1,2,,,,"85,000","70,169.73",,1,,,"1,054,618",2,1,,,,,,,,,,,,,,,,,,,,,,,,,,,,,,,,,,,,,,,,,,
508,-1,06:57.3,,1399438_1,,,-1,06:57.3,1,,,2,,,0,1,0,,0,,00:00.0,,00:00.0,,,,,,,,,,,1,,,,1,1,,,,"110,000","570,000",,1,,,"1,058,491",2,1,,,,,,,,,,,,,,,,,,,,,,,,,,,,,,,,,,,,,,,,,,
509,-1,06:57.3,,1399443_1,,,-1,06:57.3,1,,,2,,,0,1,0,,0,,00:00.0,00:00.0,00:00.0,,,,,,,,732,,,1,,,88,1,1,,,,"270,000","169,298.76",,1,,,"1,056,628",2,1,,,,,,,,,,,,,,,,,,,,,,,,,,,,,,,,,,,,,,,,,,
510,-1,06:57.3,,1399443_2,,,-1,06:57.3,1,,,2,,,0,1,0,,0,,00:00.0,00:00.0,00:00.0,,,,,,,,11124,,,1,,,2519,1,1,,,,"28,262.60","14,131.30",,1,,,"1,056,628",3,1,,,,,,,,,,,,,,,,,,,,,,,,,,,,,,,,,,,,,,,,,,
511,-1,06:57.3,,1399443_3,,,-1,06:57.3,1,,,2,,,0,1,0,,0,,00:00.0,00:00.0,00:00.0,,,,,,,,961,,,1,,,177,1,1,,,,"55,000","43,949.93",,1,,,"1,056,628",2,1,,,,,,,,,,,,,,,,,,,,,,,,,,,,,,,,,,,,,,,,,,
512,-1,06:57.3,,1399506_1,,,-1,06:57.3,1,,,2,,,0,1,0,,0,,00:00.0,00:00.0,00:00.0,,,,,,,,3127,,,1,,,463,1,2,,,,"47,000","29,753.03",,1,,,"1,057,356",2,1,,,,,,,,,,,,,,,,,,,,,,,,,,,,,,,,,,,,,,,,,,
513,-1,06:57.3,,1399506_2,,,-1,06:57.3,1,,,2,,,0,1,0,,0,,00:00.0,00:00.0,00:00.0,,,,,,,,20552,,,1,,,1871,1,2,,,,"47,000","29,753.03",,1,,,"1,057,356",2,1,,,,,,,,,,,,,,,,,,,,,,,,,,,,,,,,,,,,,,,,,,
514,-1,06:57.3,,1399508_1,,,-1,06:57.3,1,,,2,,,0,1,0,,0,,00:00.0,,00:00.0,,,,,,,,,,,1,,,2543,1,1,,,,"61,505.65","50,905.65",,1,,,"1,055,959",2,1,,,,,,,,,,,,,,,,,,,,,,,,,,,,,,,,,,,,,,,,,,
515,-1,06:57.3,,1399516_1,,,-1,06:57.3,1,,,2,,,0,1,0,,0,,00:00.0,00:00.0,00:00.0,,,,,,,,,,,1,,,8921,1,1,,,,"26,000","13,852.57",,1,,,"1,058,202",2,1,,,,,,,,,,,,,,,,,,,,,,,,,,,,,,,,,,,,,,,,,,
516,-1,06:57.3,,1399516_2,,,-1,06:57.3,1,,,2,,,0,1,0,,0,,00:00.0,00:00.0,00:00.0,,,,,,,,,,,1,,,8922,1,1,,,,"42,000","26,200.07",,1,,,"1,058,202",2,1,,,,,,,,,,,,,,,,,,,,,,,,,,,,,,,,,,,,,,,,,,
517,"1,638",26:27.1,,1399529_1,,,-1,06:57.3,1,,,2,,,0,1,0,,0,,,00:00.0,00:00.0,,,00:00.0,,,00:00.0,,3104,,,1,,,482,1,2,,,,"138,431.77","138,431.77",,2,,,"1,060,190",2,1,,,,,,,,,,,,,,,,,,,,,,,,,,,,,,,,,,,,,,,,,,
518,-1,06:57.3,,1399557_1,,,-1,06:57.3,1,,,2,,,0,1,0,,0,,00:00.0,00:00.0,00:00.0,,,,,,,,7500,,,1,,,561,1,2,,,,"60,000","50,033.09",,1,,,"1,058,361",2,1,,,,,,,,,,,,,,,,,,,,,,,,,,,,,,,,,,,,,,,,,,
519,-1,06:57.3,,1399576_1,,,-1,06:57.3,1,,,2,,,0,1,1,,0,,00:00.0,,00:00.0,,,,,,,,,,,1,,,,1,2,,,,"2,100,000","1,000,000",,1,"1,481,667",,"1,060,794",1,1,,,,,,,,,,,,,,,,,,,,,,,,,,,,,,,,,,,,,,,,,,
520,-1,06:57.3,,1399591_1,,,-1,06:57.3,1,,,2,,,0,1,0,,0,,00:00.0,,00:00.0,,,,,,,,,,,1,,,1934,1,1,,,,"43,000","28,309.15",,1,,,"1,058,100",2,1,,,,,,,,,,,,,,,,,,,,,,,,,,,,,,,,,,,,,,,,,,
521,-1,06:57.3,,1399651_1,,,-1,06:57.3,1,,,2,,,0,1,0,,0,,00:00.0,,00:00.0,,,,,,,,,,,1,,,,1,1,,,,"125,000","120,379.54",,1,,,"1,052,636",2,1,,,,,,,,,,,,,,,,,,,,,,,,,,,,,,,,,,,,,,,,,,
522,-1,06:57.3,,1399656_1,,,-1,06:57.3,1,,,2,,,0,1,0,,0,,00:00.0,00:00.0,00:00.0,,,,,,,,,,,1,,,317,1,1,,,,"147,670.65","147,670.65",,1,,,"1,055,486",2,1,,,,,,,,,,,,,,,,,,,,,,,,,,,,,,,,,,,,,,,,,,
523,-1,06:57.3,,1399664_1,,,-1,06:57.3,1,,,2,,,0,1,1,,0,,00:00.0,00:00.0,00:00.0,,,,00:00.0,,,,4100,,,1,,,929,1,1,,,,"27,771.60","19,347.10",,1,,,"1,059,042",2,1,,,,,,,,,,,,,,,,,,,,,,,,,,,,,,,,,,,,,,,,,,
524,-1,06:57.3,,1399692_1,,,-1,06:57.3,1,,,2,,,0,1,0,,0,,00:00.0,00:00.0,00:00.0,,,,,,,,,,,1,,,2683,1,1,,,,"110,000","130,316.93",,1,,,"1,056,359",2,1,,,,,,,,,,,,,,,,,,,,,,,,,,,,,,,,,,,,,,,,,,
525,-1,06:57.3,,1399769_1,,,-1,06:57.3,1,,,2,,,0,1,0,,0,,00:00.0,00:00.0,00:00.0,,,,,,,,,,,1,,,586,1,1,,,,"28,000","14,334.97",,1,,,"1,058,271",2,1,,,,,,,,,,,,,,,,,,,,,,,,,,,,,,,,,,,,,,,,,,
526,-1,06:57.3,,1399774_1,,,-1,06:57.3,1,,,2,,,0,1,0,,0,,00:00.0,,00:00.0,,,,,,,,,,,1,,,707,1,1,,,,"50,000","44,074",,1,,,"1,059,792",2,1,,,,,,,,,,,,,,,,,,,,,,,,,,,,,,,,,,,,,,,,,,
